Workbook

Sheet Özet
A1: CEPHEPRO - 15 DÖNEMLİ TAŞERON HAKEDİŞ VE FİNANSAL GENEL ÖZET
A3: Proje / Şantiye: | D3: Taşeron Firma:
A4: İşin Adı: | D4: Sözleşme Tarihi:
A5: Hakediş Dönemleri: | B5: 1. - 15. Hakediş Dönemleri (Revize Fiyat Destekli) | D5: Para Birimi: | E5: Türk Lirası (TL)
A7: 15 DÖNEMLİ HAKEDİŞLER BAZINDA FİNANSAL İCMAL VE TEMİNAT HESABI
A8: Hakediş Dönemi | B8: Ana İmalat Tutarı (TL) | C8: Ek Tutanak / Ekstra (TL) | D8: Kesintiler & Cezalar (TL) | E8: Brüt Toplam (Ana+Ek-Kes) | F8: Teminat Kesintisi (%10) | G8: Net Ödenecek Tutar (TL)
A9: 1. Hakediş Dönemi | B9: =SUM('Hakediş Takip'!L7:L30) | C9: =SUMIF('Tutanak ve Ekler'!B6:B100, A9, 'Tutanak ve Ekler'!G6:G100) | D9: =SUMIF(Kesintiler!B6:B100, A9, Kesintiler!G6:G100) | E9: =B9+C9-D9 | F9: =E9*0.1 | G9: =E9-F9
A10: 2. Hakediş Dönemi | B10: =SUM('Hakediş Takip'!P7:P30) | C10: =SUMIF('Tutanak ve Ekler'!B6:B100, A10, 'Tutanak ve Ekler'!G6:G100) | D10: =SUMIF(Kesintiler!B6:B100, A10, Kesintiler!G6:G100) | E10: =B10+C10-D10 | F10: =E10*0.1 | G10: =E10-F10
A11: 3. Hakediş Dönemi | B11: =SUM('Hakediş Takip'!T7:T30) | C11: =SUMIF('Tutanak ve Ekler'!B6:B100, A11, 'Tutanak ve Ekler'!G6:G100) | D11: =SUMIF(Kesintiler!B6:B100, A11, Kesintiler!G6:G100) | E11: =B11+C11-D11 | F11: =E11*0.1 | G11: =E11-F11
A12: 4. Hakediş Dönemi | B12: =SUM('Hakediş Takip'!X7:X30) | C12: =SUMIF('Tutanak ve Ekler'!B6:B100, A12, 'Tutanak ve Ekler'!G6:G100) | D12: =SUMIF(Kesintiler!B6:B100, A12, Kesintiler!G6:G100) | E12: =B12+C12-D12 | F12: =E12*0.1 | G12: =E12-F12
A13: 5. Hakediş Dönemi | B13: =SUM('Hakediş Takip'!AB7:AB30) | C13: =SUMIF('Tutanak ve Ekler'!B6:B100, A13, 'Tutanak ve Ekler'!G6:G100) | D13: =SUMIF(Kesintiler!B6:B100, A13, Kesintiler!G6:G100) | E13: =B13+C13-D13 | F13: =E13*0.1 | G13: =E13-F13
A14: 6. Hakediş Dönemi | B14: =SUM('Hakediş Takip'!AF7:AF30) | C14: =SUMIF('Tutanak ve Ekler'!B6:B100, A14, 'Tutanak ve Ekler'!G6:G100) | D14: =SUMIF(Kesintiler!B6:B100, A14, Kesintiler!G6:G100) | E14: =B14+C14-D14 | F14: =E14*0.1 | G14: =E14-F14
A15: 7. Hakediş Dönemi | B15: =SUM('Hakediş Takip'!AJ7:AJ30) | C15: =SUMIF('Tutanak ve Ekler'!B6:B100, A15, 'Tutanak ve Ekler'!G6:G100) | D15: =SUMIF(Kesintiler!B6:B100, A15, Kesintiler!G6:G100) | E15: =B15+C15-D15 | F15: =E15*0.1 | G15: =E15-F15
A16: 8. Hakediş Dönemi | B16: =SUM('Hakediş Takip'!AN7:AN30) | C16: =SUMIF('Tutanak ve Ekler'!B6:B100, A16, 'Tutanak ve Ekler'!G6:G100) | D16: =SUMIF(Kesintiler!B6:B100, A16, Kesintiler!G6:G100) | E16: =B16+C16-D16 | F16: =E16*0.1 | G16: =E16-F16
A17: 9. Hakediş Dönemi | B17: =SUM('Hakediş Takip'!AR7:AR30) | C17: =SUMIF('Tutanak ve Ekler'!B6:B100, A17, 'Tutanak ve Ekler'!G6:G100) | D17: =SUMIF(Kesintiler!B6:B100, A17, Kesintiler!G6:G100) | E17: =B17+C17-D17 | F17: =E17*0.1 | G17: =E17-F17
A18: 10. Hakediş Dönemi | B18: =SUM('Hakediş Takip'!AV7:AV30) | C18: =SUMIF('Tutanak ve Ekler'!B6:B100, A18, 'Tutanak ve Ekler'!G6:G100) | D18: =SUMIF(Kesintiler!B6:B100, A18, Kesintiler!G6:G100) | E18: =B18+C18-D18 | F18: =E18*0.1 | G18: =E18-F18
A19: 11. Hakediş Dönemi | B19: =SUM('Hakediş Takip'!AZ7:AZ30) | C19: =SUMIF('Tutanak ve Ekler'!B6:B100, A19, 'Tutanak ve Ekler'!G6:G100) | D19: =SUMIF(Kesintiler!B6:B100, A19, Kesintiler!G6:G100) | E19: =B19+C19-D19 | F19: =E19*0.1 | G19: =E19-F19
A20: 12. Hakediş Dönemi | B20: =SUM('Hakediş Takip'!BD7:BD30) | C20: =SUMIF('Tutanak ve Ekler'!B6:B100, A20, 'Tutanak ve Ekler'!G6:G100) | D20: =SUMIF(Kesintiler!B6:B100, A20, Kesintiler!G6:G100) | E20: =B20+C20-D20 | F20: =E20*0.1 | G20: =E20-F20
A21: 13. Hakediş Dönemi | B21: =SUM('Hakediş Takip'!BH7:BH30) | C21: =SUMIF('Tutanak ve Ekler'!B6:B100, A21, 'Tutanak ve Ekler'!G6:G100) | D21: =SUMIF(Kesintiler!B6:B100, A21, Kesintiler!G6:G100) | E21: =B21+C21-D21 | F21: =E21*0.1 | G21: =E21-F21
A22: 14. Hakediş Dönemi | B22: =SUM('Hakediş Takip'!BL7:BL30) | C22: =SUMIF('Tutanak ve Ekler'!B6:B100, A22, 'Tutanak ve Ekler'!G6:G100) | D22: =SUMIF(Kesintiler!B6:B100, A22, Kesintiler!G6:G100) | E22: =B22+C22-D22 | F22: =E22*0.1 | G22: =E22-F22
A23: 15. Hakediş Dönemi | B23: =SUM('Hakediş Takip'!BP7:BP30) | C23: =SUMIF('Tutanak ve Ekler'!B6:B100, A23, 'Tutanak ve Ekler'!G6:G100) | D23: =SUMIF(Kesintiler!B6:B100, A23, Kesintiler!G6:G100) | E23: =B23+C23-D23 | F23: =E23*0.1 | G23: =E23-F23
A24: TOPLAM KÜMÜLATİF HAKEDİŞ (1 - 15) | B24: =SUM(B9:B23) | C24: =SUM(C9:C23) | D24: =SUM(D9:D23) | E24: =SUM(E9:E23) | F24: =SUM(F9:F23) | G24: =SUM(G9:G23)

Sheet Hakediş Takip
A1: 15 DÖNEMLİ TAŞERON HAKEDİŞ VE METRAJ TAKİP SİSTEMİ
A3: 💡 AÇIKLAMA: İş kalemi yazıldığında Poz No ve dönemlere ait Birim Fiyatlar 'Birim Fiyat Master' sayfasından revizyon kurallarına göre otomatik gelir. A - G sütunları dondurulmuştur.
I5: 1. Hakediş Dönemi | M5: 2. Hakediş Dönemi | Q5: 3. Hakediş Dönemi | U5: 4. Hakediş Dönemi | Y5: 5. Hakediş Dönemi | AC5: 6. Hakediş Dönemi | AG5: 7. Hakediş Dönemi | AK5: 8. Hakediş Dönemi | AO5: 9. Hakediş Dönemi | AS5: 10. Hakediş Dönemi | AW5: 11. Hakediş Dönemi | BA5: 12. Hakediş Dönemi | BE5: 13. Hakediş Dönemi | BI5: 14. Hakediş Dönemi | BM5: 15. Hakediş Dönemi
A6: Blok | B6: Cephe | C6: İş Kalemi | D6: Poz No | E6: Birim | F6: Sözleşme Miktarı | G6: Kalan Miktar | H6: Önceki Küm. | I6: 1.Dönem Miktar | J6: 1.Dönem Küm. | K6: 1.Dönem Birim Fiyat | L6: 1.Dönem Tutar | M6: 2.Dönem Miktar | N6: 2.Dönem Küm. | O6: 2.Dönem Birim Fiyat | P6: 2.Dönem Tutar | Q6: 3.Dönem Miktar | R6: 3.Dönem Küm. | S6: 3.Dönem Birim Fiyat | T6: 3.Dönem Tutar | U6: 4.Dönem Miktar | V6: 4.Dönem Küm. | W6: 4.Dönem Birim Fiyat | X6: 4.Dönem Tutar | Y6: 5.Dönem Miktar | Z6: 5.Dönem Küm. | AA6: 5.Dönem Birim Fiyat | AB6: 5.Dönem Tutar | AC6: 6.Dönem Miktar | AD6: 6.Dönem Küm. | AE6: 6.Dönem Birim Fiyat | AF6: 6.Dönem Tutar | AG6: 7.Dönem Miktar | AH6: 7.Dönem Küm. | AI6: 7.Dönem Birim Fiyat | AJ6: 7.Dönem Tutar | AK6: 8.Dönem Miktar | AL6: 8.Dönem Küm. | AM6: 8.Dönem Birim Fiyat | AN6: 8.Dönem Tutar | AO6: 9.Dönem Miktar | AP6: 9.Dönem Küm. | AQ6: 9.Dönem Birim Fiyat | AR6: 9.Dönem Tutar | AS6: 10.Dönem Miktar | AT6: 10.Dönem Küm. | AU6: 10.Dönem Birim Fiyat | AV6: 10.Dönem Tutar | AW6: 11.Dönem Miktar | AX6: 11.Dönem Küm. | AY6: 11.Dönem Birim Fiyat | AZ6: 11.Dönem Tutar | BA6: 12.Dönem Miktar | BB6: 12.Dönem Küm. | BC6: 12.Dönem Birim Fiyat | BD6: 12.Dönem Tutar | BE6: 13.Dönem Miktar | BF6: 13.Dönem Küm. | BG6: 13.Dönem Birim Fiyat | BH6: 13.Dönem Tutar | BI6: 14.Dönem Miktar | BJ6: 14.Dönem Küm. | BK6: 14.Dönem Birim Fiyat | BL6: 14.Dönem Tutar | BM6: 15.Dönem Miktar | BN6: 15.Dönem Küm. | BO6: 15.Dönem Birim Fiyat | BP6: 15.Dönem Tutar
D7: =IFERROR(VLOOKUP(C7, 'Birim Fiyat Master'!A$6:M$30, 2, FALSE), "") | E7: =IFERROR(VLOOKUP(C7, 'Birim Fiyat Master'!A$6:M$30, 3, FALSE), "") | G7: =F7-BM7 | J7: =H7+I7 | K7: =IFERROR(IF(C7="", "", _xludf.IFS(1>=IFERROR(VLOOKUP(C7, 'Birim Fiyat Master'!A$6:M$30, 13, FALSE), 99), VLOOKUP(C7, 'Birim Fiyat Master'!A$6:M$30, 12, FALSE), 1>=IFERROR(VLOOKUP(C7, 'Birim Fiyat Master'!A$6:M$30, 11, FALSE), 99), VLOOKUP(C7, 'Birim Fiyat Master'!A$6:M$30, 10, FALSE), 1>=IFERROR(VLOOKUP(C7, 'Birim Fiyat Master'!A$6:M$30, 9, FALSE), 99), VLOOKUP(C7, 'Birim Fiyat Master'!A$6:M$30, 8, FALSE), 1>=IFERROR(VLOOKUP(C7, 'Birim Fiyat Master'!A$6:M$30, 7, FALSE), 99), VLOOKUP(C7, 'Birim Fiyat Master'!A$6:M$30, 6, FALSE), TRUE, VLOOKUP(C7, 'Birim Fiyat Master'!A$6:M$30, 4, FALSE))), VLOOKUP(C7, 'Birim Fiyat Master'!A$6:M$30, 4, FALSE)) | L7: =I7*K7 | N7: =J7+M7 | O7: =IFERROR(IF(C7="", "", _xludf.IFS(2>=IFERROR(VLOOKUP(C7, 'Birim Fiyat Master'!A$6:M$30, 13, FALSE), 99), VLOOKUP(C7, 'Birim Fiyat Master'!A$6:M$30, 12, FALSE), 2>=IFERROR(VLOOKUP(C7, 'Birim Fiyat Master'!A$6:M$30, 11, FALSE), 99), VLOOKUP(C7, 'Birim Fiyat Master'!A$6:M$30, 10, FALSE), 2>=IFERROR(VLOOKUP(C7, 'Birim Fiyat Master'!A$6:M$30, 9, FALSE), 99), VLOOKUP(C7, 'Birim Fiyat Master'!A$6:M$30, 8, FALSE), 2>=IFERROR(VLOOKUP(C7, 'Birim Fiyat Master'!A$6:M$30, 7, FALSE), 99), VLOOKUP(C7, 'Birim Fiyat Master'!A$6:M$30, 6, FALSE), TRUE, VLOOKUP(C7, 'Birim Fiyat Master'!A$6:M$30, 4, FALSE))), VLOOKUP(C7, 'Birim Fiyat Master'!A$6:M$30, 4, FALSE)) | P7: =M7*O7 | R7: =N7+Q7 | S7: =IFERROR(IF(C7="", "", _xludf.IFS(3>=IFERROR(VLOOKUP(C7, 'Birim Fiyat Master'!A$6:M$30, 13, FALSE), 99), VLOOKUP(C7, 'Birim Fiyat Master'!A$6:M$30, 12, FALSE), 3>=IFERROR(VLOOKUP(C7, 'Birim Fiyat Master'!A$6:M$30, 11, FALSE), 99), VLOOKUP(C7, 'Birim Fiyat Master'!A$6:M$30, 10, FALSE), 3>=IFERROR(VLOOKUP(C7, 'Birim Fiyat Master'!A$6:M$30, 9, FALSE), 99), VLOOKUP(C7, 'Birim Fiyat Master'!A$6:M$30, 8, FALSE), 3>=IFERROR(VLOOKUP(C7, 'Birim Fiyat Master'!A$6:M$30, 7, FALSE), 99), VLOOKUP(C7, 'Birim Fiyat Master'!A$6:M$30, 6, FALSE), TRUE, VLOOKUP(C7, 'Birim Fiyat Master'!A$6:M$30, 4, FALSE))), VLOOKUP(C7, 'Birim Fiyat Master'!A$6:M$30, 4, FALSE)) | T7: =Q7*S7 | V7: =R7+U7 | W7: =IFERROR(IF(C7="", "", _xludf.IFS(4>=IFERROR(VLOOKUP(C7, 'Birim Fiyat Master'!A$6:M$30, 13, FALSE), 99), VLOOKUP(C7, 'Birim Fiyat Master'!A$6:M$30, 12, FALSE), 4>=IFERROR(VLOOKUP(C7, 'Birim Fiyat Master'!A$6:M$30, 11, FALSE), 99), VLOOKUP(C7, 'Birim Fiyat Master'!A$6:M$30, 10, FALSE), 4>=IFERROR(VLOOKUP(C7, 'Birim Fiyat Master'!A$6:M$30, 9, FALSE), 99), VLOOKUP(C7, 'Birim Fiyat Master'!A$6:M$30, 8, FALSE), 4>=IFERROR(VLOOKUP(C7, 'Birim Fiyat Master'!A$6:M$30, 7, FALSE), 99), VLOOKUP(C7, 'Birim Fiyat Master'!A$6:M$30, 6, FALSE), TRUE, VLOOKUP(C7, 'Birim Fiyat Master'!A$6:M$30, 4, FALSE))), VLOOKUP(C7, 'Birim Fiyat Master'!A$6:M$30, 4, FALSE)) | X7: =U7*W7 | Z7: =V7+Y7 | AA7: =IFERROR(IF(C7="", "", _xludf.IFS(5>=IFERROR(VLOOKUP(C7, 'Birim Fiyat Master'!A$6:M$30, 13, FALSE), 99), VLOOKUP(C7, 'Birim Fiyat Master'!A$6:M$30, 12, FALSE), 5>=IFERROR(VLOOKUP(C7, 'Birim Fiyat Master'!A$6:M$30, 11, FALSE), 99), VLOOKUP(C7, 'Birim Fiyat Master'!A$6:M$30, 10, FALSE), 5>=IFERROR(VLOOKUP(C7, 'Birim Fiyat Master'!A$6:M$30, 9, FALSE), 99), VLOOKUP(C7, 'Birim Fiyat Master'!A$6:M$30, 8, FALSE), 5>=IFERROR(VLOOKUP(C7, 'Birim Fiyat Master'!A$6:M$30, 7, FALSE), 99), VLOOKUP(C7, 'Birim Fiyat Master'!A$6:M$30, 6, FALSE), TRUE, VLOOKUP(C7, 'Birim Fiyat Master'!A$6:M$30, 4, FALSE))), VLOOKUP(C7, 'Birim Fiyat Master'!A$6:M$30, 4, FALSE)) | AB7: =Y7*AA7 | AD7: =Z7+AC7 | AE7: =IFERROR(IF(C7="", "", _xludf.IFS(6>=IFERROR(VLOOKUP(C7, 'Birim Fiyat Master'!A$6:M$30, 13, FALSE), 99), VLOOKUP(C7, 'Birim Fiyat Master'!A$6:M$30, 12, FALSE), 6>=IFERROR(VLOOKUP(C7, 'Birim Fiyat Master'!A$6:M$30, 11, FALSE), 99), VLOOKUP(C7, 'Birim Fiyat Master'!A$6:M$30, 10, FALSE), 6>=IFERROR(VLOOKUP(C7, 'Birim Fiyat Master'!A$6:M$30, 9, FALSE), 99), VLOOKUP(C7, 'Birim Fiyat Master'!A$6:M$30, 8, FALSE), 6>=IFERROR(VLOOKUP(C7, 'Birim Fiyat Master'!A$6:M$30, 7, FALSE), 99), VLOOKUP(C7, 'Birim Fiyat Master'!A$6:M$30, 6, FALSE), TRUE, VLOOKUP(C7, 'Birim Fiyat Master'!A$6:M$30, 4, FALSE))), VLOOKUP(C7, 'Birim Fiyat Master'!A$6:M$30, 4, FALSE)) | AF7: =AC7*AE7 | AH7: =AD7+AG7 | AI7: =IFERROR(IF(C7="", "", _xludf.IFS(7>=IFERROR(VLOOKUP(C7, 'Birim Fiyat Master'!A$6:M$30, 13, FALSE), 99), VLOOKUP(C7, 'Birim Fiyat Master'!A$6:M$30, 12, FALSE), 7>=IFERROR(VLOOKUP(C7, 'Birim Fiyat Master'!A$6:M$30, 11, FALSE), 99), VLOOKUP(C7, 'Birim Fiyat Master'!A$6:M$30, 10, FALSE), 7>=IFERROR(VLOOKUP(C7, 'Birim Fiyat Master'!A$6:M$30, 9, FALSE), 99), VLOOKUP(C7, 'Birim Fiyat Master'!A$6:M$30, 8, FALSE), 7>=IFERROR(VLOOKUP(C7, 'Birim Fiyat Master'!A$6:M$30, 7, FALSE), 99), VLOOKUP(C7, 'Birim Fiyat Master'!A$6:M$30, 6, FALSE), TRUE, VLOOKUP(C7, 'Birim Fiyat Master'!A$6:M$30, 4, FALSE))), VLOOKUP(C7, 'Birim Fiyat Master'!A$6:M$30, 4, FALSE)) | AJ7: =AG7*AI7 | AL7: =AH7+AK7 | AM7: =IFERROR(IF(C7="", "", _xludf.IFS(8>=IFERROR(VLOOKUP(C7, 'Birim Fiyat Master'!A$6:M$30, 13, FALSE), 99), VLOOKUP(C7, 'Birim Fiyat Master'!A$6:M$30, 12, FALSE), 8>=IFERROR(VLOOKUP(C7, 'Birim Fiyat Master'!A$6:M$30, 11, FALSE), 99), VLOOKUP(C7, 'Birim Fiyat Master'!A$6:M$30, 10, FALSE), 8>=IFERROR(VLOOKUP(C7, 'Birim Fiyat Master'!A$6:M$30, 9, FALSE), 99), VLOOKUP(C7, 'Birim Fiyat Master'!A$6:M$30, 8, FALSE), 8>=IFERROR(VLOOKUP(C7, 'Birim Fiyat Master'!A$6:M$30, 7, FALSE), 99), VLOOKUP(C7, 'Birim Fiyat Master'!A$6:M$30, 6, FALSE), TRUE, VLOOKUP(C7, 'Birim Fiyat Master'!A$6:M$30, 4, FALSE))), VLOOKUP(C7, 'Birim Fiyat Master'!A$6:M$30, 4, FALSE)) | AN7: =AK7*AM7 | AP7: =AL7+AO7 | AQ7: =IFERROR(IF(C7="", "", _xludf.IFS(9>=IFERROR(VLOOKUP(C7, 'Birim Fiyat Master'!A$6:M$30, 13, FALSE), 99), VLOOKUP(C7, 'Birim Fiyat Master'!A$6:M$30, 12, FALSE), 9>=IFERROR(VLOOKUP(C7, 'Birim Fiyat Master'!A$6:M$30, 11, FALSE), 99), VLOOKUP(C7, 'Birim Fiyat Master'!A$6:M$30, 10, FALSE), 9>=IFERROR(VLOOKUP(C7, 'Birim Fiyat Master'!A$6:M$30, 9, FALSE), 99), VLOOKUP(C7, 'Birim Fiyat Master'!A$6:M$30, 8, FALSE), 9>=IFERROR(VLOOKUP(C7, 'Birim Fiyat Master'!A$6:M$30, 7, FALSE), 99), VLOOKUP(C7, 'Birim Fiyat Master'!A$6:M$30, 6, FALSE), TRUE, VLOOKUP(C7, 'Birim Fiyat Master'!A$6:M$30, 4, FALSE))), VLOOKUP(C7, 'Birim Fiyat Master'!A$6:M$30, 4, FALSE)) | AR7: =AO7*AQ7 | AT7: =AP7+AS7 | AU7: =IFERROR(IF(C7="", "", _xludf.IFS(10>=IFERROR(VLOOKUP(C7, 'Birim Fiyat Master'!A$6:M$30, 13, FALSE), 99), VLOOKUP(C7, 'Birim Fiyat Master'!A$6:M$30, 12, FALSE), 10>=IFERROR(VLOOKUP(C7, 'Birim Fiyat Master'!A$6:M$30, 11, FALSE), 99), VLOOKUP(C7, 'Birim Fiyat Master'!A$6:M$30, 10, FALSE), 10>=IFERROR(VLOOKUP(C7, 'Birim Fiyat Master'!A$6:M$30, 9, FALSE), 99), VLOOKUP(C7, 'Birim Fiyat Master'!A$6:M$30, 8, FALSE), 10>=IFERROR(VLOOKUP(C7, 'Birim Fiyat Master'!A$6:M$30, 7, FALSE), 99), VLOOKUP(C7, 'Birim Fiyat Master'!A$6:M$30, 6, FALSE), TRUE, VLOOKUP(C7, 'Birim Fiyat Master'!A$6:M$30, 4, FALSE))), VLOOKUP(C7, 'Birim Fiyat Master'!A$6:M$30, 4, FALSE)) | AV7: =AS7*AU7 | AX7: =AT7+AW7 | AY7: =IFERROR(IF(C7="", "", _xludf.IFS(11>=IFERROR(VLOOKUP(C7, 'Birim Fiyat Master'!A$6:M$30, 13, FALSE), 99), VLOOKUP(C7, 'Birim Fiyat Master'!A$6:M$30, 12, FALSE), 11>=IFERROR(VLOOKUP(C7, 'Birim Fiyat Master'!A$6:M$30, 11, FALSE), 99), VLOOKUP(C7, 'Birim Fiyat Master'!A$6:M$30, 10, FALSE), 11>=IFERROR(VLOOKUP(C7, 'Birim Fiyat Master'!A$6:M$30, 9, FALSE), 99), VLOOKUP(C7, 'Birim Fiyat Master'!A$6:M$30, 8, FALSE), 11>=IFERROR(VLOOKUP(C7, 'Birim Fiyat Master'!A$6:M$30, 7, FALSE), 99), VLOOKUP(C7, 'Birim Fiyat Master'!A$6:M$30, 6, FALSE), TRUE, VLOOKUP(C7, 'Birim Fiyat Master'!A$6:M$30, 4, FALSE))), VLOOKUP(C7, 'Birim Fiyat Master'!A$6:M$30, 4, FALSE)) | AZ7: =AW7*AY7 | BB7: =AX7+BA7 | BC7: =IFERROR(IF(C7="", "", _xludf.IFS(12>=IFERROR(VLOOKUP(C7, 'Birim Fiyat Master'!A$6:M$30, 13, FALSE), 99), VLOOKUP(C7, 'Birim Fiyat Master'!A$6:M$30, 12, FALSE), 12>=IFERROR(VLOOKUP(C7, 'Birim Fiyat Master'!A$6:M$30, 11, FALSE), 99), VLOOKUP(C7, 'Birim Fiyat Master'!A$6:M$30, 10, FALSE), 12>=IFERROR(VLOOKUP(C7, 'Birim Fiyat Master'!A$6:M$30, 9, FALSE), 99), VLOOKUP(C7, 'Birim Fiyat Master'!A$6:M$30, 8, FALSE), 12>=IFERROR(VLOOKUP(C7, 'Birim Fiyat Master'!A$6:M$30, 7, FALSE), 99), VLOOKUP(C7, 'Birim Fiyat Master'!A$6:M$30, 6, FALSE), TRUE, VLOOKUP(C7, 'Birim Fiyat Master'!A$6:M$30, 4, FALSE))), VLOOKUP(C7, 'Birim Fiyat Master'!A$6:M$30, 4, FALSE)) | BD7: =BA7*BC7 | BF7: =BB7+BE7 | BG7: =IFERROR(IF(C7="", "", _xludf.IFS(13>=IFERROR(VLOOKUP(C7, 'Birim Fiyat Master'!A$6:M$30, 13, FALSE), 99), VLOOKUP(C7, 'Birim Fiyat Master'!A$6:M$30, 12, FALSE), 13>=IFERROR(VLOOKUP(C7, 'Birim Fiyat Master'!A$6:M$30, 11, FALSE), 99), VLOOKUP(C7, 'Birim Fiyat Master'!A$6:M$30, 10, FALSE), 13>=IFERROR(VLOOKUP(C7, 'Birim Fiyat Master'!A$6:M$30, 9, FALSE), 99), VLOOKUP(C7, 'Birim Fiyat Master'!A$6:M$30, 8, FALSE), 13>=IFERROR(VLOOKUP(C7, 'Birim Fiyat Master'!A$6:M$30, 7, FALSE), 99), VLOOKUP(C7, 'Birim Fiyat Master'!A$6:M$30, 6, FALSE), TRUE, VLOOKUP(C7, 'Birim Fiyat Master'!A$6:M$30, 4, FALSE))), VLOOKUP(C7, 'Birim Fiyat Master'!A$6:M$30, 4, FALSE)) | BH7: =BE7*BG7 | BJ7: =BF7+BI7 | BK7: =IFERROR(IF(C7="", "", _xludf.IFS(14>=IFERROR(VLOOKUP(C7, 'Birim Fiyat Master'!A$6:M$30, 13, FALSE), 99), VLOOKUP(C7, 'Birim Fiyat Master'!A$6:M$30, 12, FALSE), 14>=IFERROR(VLOOKUP(C7, 'Birim Fiyat Master'!A$6:M$30, 11, FALSE), 99), VLOOKUP(C7, 'Birim Fiyat Master'!A$6:M$30, 10, FALSE), 14>=IFERROR(VLOOKUP(C7, 'Birim Fiyat Master'!A$6:M$30, 9, FALSE), 99), VLOOKUP(C7, 'Birim Fiyat Master'!A$6:M$30, 8, FALSE), 14>=IFERROR(VLOOKUP(C7, 'Birim Fiyat Master'!A$6:M$30, 7, FALSE), 99), VLOOKUP(C7, 'Birim Fiyat Master'!A$6:M$30, 6, FALSE), TRUE, VLOOKUP(C7, 'Birim Fiyat Master'!A$6:M$30, 4, FALSE))), VLOOKUP(C7, 'Birim Fiyat Master'!A$6:M$30, 4, FALSE)) | BL7: =BI7*BK7 | BN7: =BJ7+BM7 | BO7: =IFERROR(IF(C7="", "", _xludf.IFS(15>=IFERROR(VLOOKUP(C7, 'Birim Fiyat Master'!A$6:M$30, 13, FALSE), 99), VLOOKUP(C7, 'Birim Fiyat Master'!A$6:M$30, 12, FALSE), 15>=IFERROR(VLOOKUP(C7, 'Birim Fiyat Master'!A$6:M$30, 11, FALSE), 99), VLOOKUP(C7, 'Birim Fiyat Master'!A$6:M$30, 10, FALSE), 15>=IFERROR(VLOOKUP(C7, 'Birim Fiyat Master'!A$6:M$30, 9, FALSE), 99), VLOOKUP(C7, 'Birim Fiyat Master'!A$6:M$30, 8, FALSE), 15>=IFERROR(VLOOKUP(C7, 'Birim Fiyat Master'!A$6:M$30, 7, FALSE), 99), VLOOKUP(C7, 'Birim Fiyat Master'!A$6:M$30, 6, FALSE), TRUE, VLOOKUP(C7, 'Birim Fiyat Master'!A$6:M$30, 4, FALSE))), VLOOKUP(C7, 'Birim Fiyat Master'!A$6:M$30, 4, FALSE)) | BP7: =BM7*BO7
D8: =IFERROR(VLOOKUP(C8, 'Birim Fiyat Master'!A$6:M$30, 2, FALSE), "") | E8: =IFERROR(VLOOKUP(C8, 'Birim Fiyat Master'!A$6:M$30, 3, FALSE), "") | G8: =F8-BM8 | J8: =H8+I8 | K8: =IFERROR(IF(C8="", "", _xludf.IFS(1>=IFERROR(VLOOKUP(C8, 'Birim Fiyat Master'!A$6:M$30, 13, FALSE), 99), VLOOKUP(C8, 'Birim Fiyat Master'!A$6:M$30, 12, FALSE), 1>=IFERROR(VLOOKUP(C8, 'Birim Fiyat Master'!A$6:M$30, 11, FALSE), 99), VLOOKUP(C8, 'Birim Fiyat Master'!A$6:M$30, 10, FALSE), 1>=IFERROR(VLOOKUP(C8, 'Birim Fiyat Master'!A$6:M$30, 9, FALSE), 99), VLOOKUP(C8, 'Birim Fiyat Master'!A$6:M$30, 8, FALSE), 1>=IFERROR(VLOOKUP(C8, 'Birim Fiyat Master'!A$6:M$30, 7, FALSE), 99), VLOOKUP(C8, 'Birim Fiyat Master'!A$6:M$30, 6, FALSE), TRUE, VLOOKUP(C8, 'Birim Fiyat Master'!A$6:M$30, 4, FALSE))), VLOOKUP(C8, 'Birim Fiyat Master'!A$6:M$30, 4, FALSE)) | L8: =I8*K8 | N8: =J8+M8 | O8: =IFERROR(IF(C8="", "", _xludf.IFS(2>=IFERROR(VLOOKUP(C8, 'Birim Fiyat Master'!A$6:M$30, 13, FALSE), 99), VLOOKUP(C8, 'Birim Fiyat Master'!A$6:M$30, 12, FALSE), 2>=IFERROR(VLOOKUP(C8, 'Birim Fiyat Master'!A$6:M$30, 11, FALSE), 99), VLOOKUP(C8, 'Birim Fiyat Master'!A$6:M$30, 10, FALSE), 2>=IFERROR(VLOOKUP(C8, 'Birim Fiyat Master'!A$6:M$30, 9, FALSE), 99), VLOOKUP(C8, 'Birim Fiyat Master'!A$6:M$30, 8, FALSE), 2>=IFERROR(VLOOKUP(C8, 'Birim Fiyat Master'!A$6:M$30, 7, FALSE), 99), VLOOKUP(C8, 'Birim Fiyat Master'!A$6:M$30, 6, FALSE), TRUE, VLOOKUP(C8, 'Birim Fiyat Master'!A$6:M$30, 4, FALSE))), VLOOKUP(C8, 'Birim Fiyat Master'!A$6:M$30, 4, FALSE)) | P8: =M8*O8 | R8: =N8+Q8 | S8: =IFERROR(IF(C8="", "", _xludf.IFS(3>=IFERROR(VLOOKUP(C8, 'Birim Fiyat Master'!A$6:M$30, 13, FALSE), 99), VLOOKUP(C8, 'Birim Fiyat Master'!A$6:M$30, 12, FALSE), 3>=IFERROR(VLOOKUP(C8, 'Birim Fiyat Master'!A$6:M$30, 11, FALSE), 99), VLOOKUP(C8, 'Birim Fiyat Master'!A$6:M$30, 10, FALSE), 3>=IFERROR(VLOOKUP(C8, 'Birim Fiyat Master'!A$6:M$30, 9, FALSE), 99), VLOOKUP(C8, 'Birim Fiyat Master'!A$6:M$30, 8, FALSE), 3>=IFERROR(VLOOKUP(C8, 'Birim Fiyat Master'!A$6:M$30, 7, FALSE), 99), VLOOKUP(C8, 'Birim Fiyat Master'!A$6:M$30, 6, FALSE), TRUE, VLOOKUP(C8, 'Birim Fiyat Master'!A$6:M$30, 4, FALSE))), VLOOKUP(C8, 'Birim Fiyat Master'!A$6:M$30, 4, FALSE)) | T8: =Q8*S8 | V8: =R8+U8 | W8: =IFERROR(IF(C8="", "", _xludf.IFS(4>=IFERROR(VLOOKUP(C8, 'Birim Fiyat Master'!A$6:M$30, 13, FALSE), 99), VLOOKUP(C8, 'Birim Fiyat Master'!A$6:M$30, 12, FALSE), 4>=IFERROR(VLOOKUP(C8, 'Birim Fiyat Master'!A$6:M$30, 11, FALSE), 99), VLOOKUP(C8, 'Birim Fiyat Master'!A$6:M$30, 10, FALSE), 4>=IFERROR(VLOOKUP(C8, 'Birim Fiyat Master'!A$6:M$30, 9, FALSE), 99), VLOOKUP(C8, 'Birim Fiyat Master'!A$6:M$30, 8, FALSE), 4>=IFERROR(VLOOKUP(C8, 'Birim Fiyat Master'!A$6:M$30, 7, FALSE), 99), VLOOKUP(C8, 'Birim Fiyat Master'!A$6:M$30, 6, FALSE), TRUE, VLOOKUP(C8, 'Birim Fiyat Master'!A$6:M$30, 4, FALSE))), VLOOKUP(C8, 'Birim Fiyat Master'!A$6:M$30, 4, FALSE)) | X8: =U8*W8 | Z8: =V8+Y8 | AA8: =IFERROR(IF(C8="", "", _xludf.IFS(5>=IFERROR(VLOOKUP(C8, 'Birim Fiyat Master'!A$6:M$30, 13, FALSE), 99), VLOOKUP(C8, 'Birim Fiyat Master'!A$6:M$30, 12, FALSE), 5>=IFERROR(VLOOKUP(C8, 'Birim Fiyat Master'!A$6:M$30, 11, FALSE), 99), VLOOKUP(C8, 'Birim Fiyat Master'!A$6:M$30, 10, FALSE), 5>=IFERROR(VLOOKUP(C8, 'Birim Fiyat Master'!A$6:M$30, 9, FALSE), 99), VLOOKUP(C8, 'Birim Fiyat Master'!A$6:M$30, 8, FALSE), 5>=IFERROR(VLOOKUP(C8, 'Birim Fiyat Master'!A$6:M$30, 7, FALSE), 99), VLOOKUP(C8, 'Birim Fiyat Master'!A$6:M$30, 6, FALSE), TRUE, VLOOKUP(C8, 'Birim Fiyat Master'!A$6:M$30, 4, FALSE))), VLOOKUP(C8, 'Birim Fiyat Master'!A$6:M$30, 4, FALSE)) | AB8: =Y8*AA8 | AD8: =Z8+AC8 | AE8: =IFERROR(IF(C8="", "", _xludf.IFS(6>=IFERROR(VLOOKUP(C8, 'Birim Fiyat Master'!A$6:M$30, 13, FALSE), 99), VLOOKUP(C8, 'Birim Fiyat Master'!A$6:M$30, 12, FALSE), 6>=IFERROR(VLOOKUP(C8, 'Birim Fiyat Master'!A$6:M$30, 11, FALSE), 99), VLOOKUP(C8, 'Birim Fiyat Master'!A$6:M$30, 10, FALSE), 6>=IFERROR(VLOOKUP(C8, 'Birim Fiyat Master'!A$6:M$30, 9, FALSE), 99), VLOOKUP(C8, 'Birim Fiyat Master'!A$6:M$30, 8, FALSE), 6>=IFERROR(VLOOKUP(C8, 'Birim Fiyat Master'!A$6:M$30, 7, FALSE), 99), VLOOKUP(C8, 'Birim Fiyat Master'!A$6:M$30, 6, FALSE), TRUE, VLOOKUP(C8, 'Birim Fiyat Master'!A$6:M$30, 4, FALSE))), VLOOKUP(C8, 'Birim Fiyat Master'!A$6:M$30, 4, FALSE)) | AF8: =AC8*AE8 | AH8: =AD8+AG8 | AI8: =IFERROR(IF(C8="", "", _xludf.IFS(7>=IFERROR(VLOOKUP(C8, 'Birim Fiyat Master'!A$6:M$30, 13, FALSE), 99), VLOOKUP(C8, 'Birim Fiyat Master'!A$6:M$30, 12, FALSE), 7>=IFERROR(VLOOKUP(C8, 'Birim Fiyat Master'!A$6:M$30, 11, FALSE), 99), VLOOKUP(C8, 'Birim Fiyat Master'!A$6:M$30, 10, FALSE), 7>=IFERROR(VLOOKUP(C8, 'Birim Fiyat Master'!A$6:M$30, 9, FALSE), 99), VLOOKUP(C8, 'Birim Fiyat Master'!A$6:M$30, 8, FALSE), 7>=IFERROR(VLOOKUP(C8, 'Birim Fiyat Master'!A$6:M$30, 7, FALSE), 99), VLOOKUP(C8, 'Birim Fiyat Master'!A$6:M$30, 6, FALSE), TRUE, VLOOKUP(C8, 'Birim Fiyat Master'!A$6:M$30, 4, FALSE))), VLOOKUP(C8, 'Birim Fiyat Master'!A$6:M$30, 4, FALSE)) | AJ8: =AG8*AI8 | AL8: =AH8+AK8 | AM8: =IFERROR(IF(C8="", "", _xludf.IFS(8>=IFERROR(VLOOKUP(C8, 'Birim Fiyat Master'!A$6:M$30, 13, FALSE), 99), VLOOKUP(C8, 'Birim Fiyat Master'!A$6:M$30, 12, FALSE), 8>=IFERROR(VLOOKUP(C8, 'Birim Fiyat Master'!A$6:M$30, 11, FALSE), 99), VLOOKUP(C8, 'Birim Fiyat Master'!A$6:M$30, 10, FALSE), 8>=IFERROR(VLOOKUP(C8, 'Birim Fiyat Master'!A$6:M$30, 9, FALSE), 99), VLOOKUP(C8, 'Birim Fiyat Master'!A$6:M$30, 8, FALSE), 8>=IFERROR(VLOOKUP(C8, 'Birim Fiyat Master'!A$6:M$30, 7, FALSE), 99), VLOOKUP(C8, 'Birim Fiyat Master'!A$6:M$30, 6, FALSE), TRUE, VLOOKUP(C8, 'Birim Fiyat Master'!A$6:M$30, 4, FALSE))), VLOOKUP(C8, 'Birim Fiyat Master'!A$6:M$30, 4, FALSE)) | AN8: =AK8*AM8 | AP8: =AL8+AO8 | AQ8: =IFERROR(IF(C8="", "", _xludf.IFS(9>=IFERROR(VLOOKUP(C8, 'Birim Fiyat Master'!A$6:M$30, 13, FALSE), 99), VLOOKUP(C8, 'Birim Fiyat Master'!A$6:M$30, 12, FALSE), 9>=IFERROR(VLOOKUP(C8, 'Birim Fiyat Master'!A$6:M$30, 11, FALSE), 99), VLOOKUP(C8, 'Birim Fiyat Master'!A$6:M$30, 10, FALSE), 9>=IFERROR(VLOOKUP(C8, 'Birim Fiyat Master'!A$6:M$30, 9, FALSE), 99), VLOOKUP(C8, 'Birim Fiyat Master'!A$6:M$30, 8, FALSE), 9>=IFERROR(VLOOKUP(C8, 'Birim Fiyat Master'!A$6:M$30, 7, FALSE), 99), VLOOKUP(C8, 'Birim Fiyat Master'!A$6:M$30, 6, FALSE), TRUE, VLOOKUP(C8, 'Birim Fiyat Master'!A$6:M$30, 4, FALSE))), VLOOKUP(C8, 'Birim Fiyat Master'!A$6:M$30, 4, FALSE)) | AR8: =AO8*AQ8 | AT8: =AP8+AS8 | AU8: =IFERROR(IF(C8="", "", _xludf.IFS(10>=IFERROR(VLOOKUP(C8, 'Birim Fiyat Master'!A$6:M$30, 13, FALSE), 99), VLOOKUP(C8, 'Birim Fiyat Master'!A$6:M$30, 12, FALSE), 10>=IFERROR(VLOOKUP(C8, 'Birim Fiyat Master'!A$6:M$30, 11, FALSE), 99), VLOOKUP(C8, 'Birim Fiyat Master'!A$6:M$30, 10, FALSE), 10>=IFERROR(VLOOKUP(C8, 'Birim Fiyat Master'!A$6:M$30, 9, FALSE), 99), VLOOKUP(C8, 'Birim Fiyat Master'!A$6:M$30, 8, FALSE), 10>=IFERROR(VLOOKUP(C8, 'Birim Fiyat Master'!A$6:M$30, 7, FALSE), 99), VLOOKUP(C8, 'Birim Fiyat Master'!A$6:M$30, 6, FALSE), TRUE, VLOOKUP(C8, 'Birim Fiyat Master'!A$6:M$30, 4, FALSE))), VLOOKUP(C8, 'Birim Fiyat Master'!A$6:M$30, 4, FALSE)) | AV8: =AS8*AU8 | AX8: =AT8+AW8 | AY8: =IFERROR(IF(C8="", "", _xludf.IFS(11>=IFERROR(VLOOKUP(C8, 'Birim Fiyat Master'!A$6:M$30, 13, FALSE), 99), VLOOKUP(C8, 'Birim Fiyat Master'!A$6:M$30, 12, FALSE), 11>=IFERROR(VLOOKUP(C8, 'Birim Fiyat Master'!A$6:M$30, 11, FALSE), 99), VLOOKUP(C8, 'Birim Fiyat Master'!A$6:M$30, 10, FALSE), 11>=IFERROR(VLOOKUP(C8, 'Birim Fiyat Master'!A$6:M$30, 9, FALSE), 99), VLOOKUP(C8, 'Birim Fiyat Master'!A$6:M$30, 8, FALSE), 11>=IFERROR(VLOOKUP(C8, 'Birim Fiyat Master'!A$6:M$30, 7, FALSE), 99), VLOOKUP(C8, 'Birim Fiyat Master'!A$6:M$30, 6, FALSE), TRUE, VLOOKUP(C8, 'Birim Fiyat Master'!A$6:M$30, 4, FALSE))), VLOOKUP(C8, 'Birim Fiyat Master'!A$6:M$30, 4, FALSE)) | AZ8: =AW8*AY8 | BB8: =AX8+BA8 | BC8: =IFERROR(IF(C8="", "", _xludf.IFS(12>=IFERROR(VLOOKUP(C8, 'Birim Fiyat Master'!A$6:M$30, 13, FALSE), 99), VLOOKUP(C8, 'Birim Fiyat Master'!A$6:M$30, 12, FALSE), 12>=IFERROR(VLOOKUP(C8, 'Birim Fiyat Master'!A$6:M$30, 11, FALSE), 99), VLOOKUP(C8, 'Birim Fiyat Master'!A$6:M$30, 10, FALSE), 12>=IFERROR(VLOOKUP(C8, 'Birim Fiyat Master'!A$6:M$30, 9, FALSE), 99), VLOOKUP(C8, 'Birim Fiyat Master'!A$6:M$30, 8, FALSE), 12>=IFERROR(VLOOKUP(C8, 'Birim Fiyat Master'!A$6:M$30, 7, FALSE), 99), VLOOKUP(C8, 'Birim Fiyat Master'!A$6:M$30, 6, FALSE), TRUE, VLOOKUP(C8, 'Birim Fiyat Master'!A$6:M$30, 4, FALSE))), VLOOKUP(C8, 'Birim Fiyat Master'!A$6:M$30, 4, FALSE)) | BD8: =BA8*BC8 | BF8: =BB8+BE8 | BG8: =IFERROR(IF(C8="", "", _xludf.IFS(13>=IFERROR(VLOOKUP(C8, 'Birim Fiyat Master'!A$6:M$30, 13, FALSE), 99), VLOOKUP(C8, 'Birim Fiyat Master'!A$6:M$30, 12, FALSE), 13>=IFERROR(VLOOKUP(C8, 'Birim Fiyat Master'!A$6:M$30, 11, FALSE), 99), VLOOKUP(C8, 'Birim Fiyat Master'!A$6:M$30, 10, FALSE), 13>=IFERROR(VLOOKUP(C8, 'Birim Fiyat Master'!A$6:M$30, 9, FALSE), 99), VLOOKUP(C8, 'Birim Fiyat Master'!A$6:M$30, 8, FALSE), 13>=IFERROR(VLOOKUP(C8, 'Birim Fiyat Master'!A$6:M$30, 7, FALSE), 99), VLOOKUP(C8, 'Birim Fiyat Master'!A$6:M$30, 6, FALSE), TRUE, VLOOKUP(C8, 'Birim Fiyat Master'!A$6:M$30, 4, FALSE))), VLOOKUP(C8, 'Birim Fiyat Master'!A$6:M$30, 4, FALSE)) | BH8: =BE8*BG8 | BJ8: =BF8+BI8 | BK8: =IFERROR(IF(C8="", "", _xludf.IFS(14>=IFERROR(VLOOKUP(C8, 'Birim Fiyat Master'!A$6:M$30, 13, FALSE), 99), VLOOKUP(C8, 'Birim Fiyat Master'!A$6:M$30, 12, FALSE), 14>=IFERROR(VLOOKUP(C8, 'Birim Fiyat Master'!A$6:M$30, 11, FALSE), 99), VLOOKUP(C8, 'Birim Fiyat Master'!A$6:M$30, 10, FALSE), 14>=IFERROR(VLOOKUP(C8, 'Birim Fiyat Master'!A$6:M$30, 9, FALSE), 99), VLOOKUP(C8, 'Birim Fiyat Master'!A$6:M$30, 8, FALSE), 14>=IFERROR(VLOOKUP(C8, 'Birim Fiyat Master'!A$6:M$30, 7, FALSE), 99), VLOOKUP(C8, 'Birim Fiyat Master'!A$6:M$30, 6, FALSE), TRUE, VLOOKUP(C8, 'Birim Fiyat Master'!A$6:M$30, 4, FALSE))), VLOOKUP(C8, 'Birim Fiyat Master'!A$6:M$30, 4, FALSE)) | BL8: =BI8*BK8 | BN8: =BJ8+BM8 | BO8: =IFERROR(IF(C8="", "", _xludf.IFS(15>=IFERROR(VLOOKUP(C8, 'Birim Fiyat Master'!A$6:M$30, 13, FALSE), 99), VLOOKUP(C8, 'Birim Fiyat Master'!A$6:M$30, 12, FALSE), 15>=IFERROR(VLOOKUP(C8, 'Birim Fiyat Master'!A$6:M$30, 11, FALSE), 99), VLOOKUP(C8, 'Birim Fiyat Master'!A$6:M$30, 10, FALSE), 15>=IFERROR(VLOOKUP(C8, 'Birim Fiyat Master'!A$6:M$30, 9, FALSE), 99), VLOOKUP(C8, 'Birim Fiyat Master'!A$6:M$30, 8, FALSE), 15>=IFERROR(VLOOKUP(C8, 'Birim Fiyat Master'!A$6:M$30, 7, FALSE), 99), VLOOKUP(C8, 'Birim Fiyat Master'!A$6:M$30, 6, FALSE), TRUE, VLOOKUP(C8, 'Birim Fiyat Master'!A$6:M$30, 4, FALSE))), VLOOKUP(C8, 'Birim Fiyat Master'!A$6:M$30, 4, FALSE)) | BP8: =BM8*BO8
D9: =IFERROR(VLOOKUP(C9, 'Birim Fiyat Master'!A$6:M$30, 2, FALSE), "") | E9: =IFERROR(VLOOKUP(C9, 'Birim Fiyat Master'!A$6:M$30, 3, FALSE), "") | G9: =F9-BM9 | J9: =H9+I9 | K9: =IFERROR(IF(C9="", "", _xludf.IFS(1>=IFERROR(VLOOKUP(C9, 'Birim Fiyat Master'!A$6:M$30, 13, FALSE), 99), VLOOKUP(C9, 'Birim Fiyat Master'!A$6:M$30, 12, FALSE), 1>=IFERROR(VLOOKUP(C9, 'Birim Fiyat Master'!A$6:M$30, 11, FALSE), 99), VLOOKUP(C9, 'Birim Fiyat Master'!A$6:M$30, 10, FALSE), 1>=IFERROR(VLOOKUP(C9, 'Birim Fiyat Master'!A$6:M$30, 9, FALSE), 99), VLOOKUP(C9, 'Birim Fiyat Master'!A$6:M$30, 8, FALSE), 1>=IFERROR(VLOOKUP(C9, 'Birim Fiyat Master'!A$6:M$30, 7, FALSE), 99), VLOOKUP(C9, 'Birim Fiyat Master'!A$6:M$30, 6, FALSE), TRUE, VLOOKUP(C9, 'Birim Fiyat Master'!A$6:M$30, 4, FALSE))), VLOOKUP(C9, 'Birim Fiyat Master'!A$6:M$30, 4, FALSE)) | L9: =I9*K9 | N9: =J9+M9 | O9: =IFERROR(IF(C9="", "", _xludf.IFS(2>=IFERROR(VLOOKUP(C9, 'Birim Fiyat Master'!A$6:M$30, 13, FALSE), 99), VLOOKUP(C9, 'Birim Fiyat Master'!A$6:M$30, 12, FALSE), 2>=IFERROR(VLOOKUP(C9, 'Birim Fiyat Master'!A$6:M$30, 11, FALSE), 99), VLOOKUP(C9, 'Birim Fiyat Master'!A$6:M$30, 10, FALSE), 2>=IFERROR(VLOOKUP(C9, 'Birim Fiyat Master'!A$6:M$30, 9, FALSE), 99), VLOOKUP(C9, 'Birim Fiyat Master'!A$6:M$30, 8, FALSE), 2>=IFERROR(VLOOKUP(C9, 'Birim Fiyat Master'!A$6:M$30, 7, FALSE), 99), VLOOKUP(C9, 'Birim Fiyat Master'!A$6:M$30, 6, FALSE), TRUE, VLOOKUP(C9, 'Birim Fiyat Master'!A$6:M$30, 4, FALSE))), VLOOKUP(C9, 'Birim Fiyat Master'!A$6:M$30, 4, FALSE)) | P9: =M9*O9 | R9: =N9+Q9 | S9: =IFERROR(IF(C9="", "", _xludf.IFS(3>=IFERROR(VLOOKUP(C9, 'Birim Fiyat Master'!A$6:M$30, 13, FALSE), 99), VLOOKUP(C9, 'Birim Fiyat Master'!A$6:M$30, 12, FALSE), 3>=IFERROR(VLOOKUP(C9, 'Birim Fiyat Master'!A$6:M$30, 11, FALSE), 99), VLOOKUP(C9, 'Birim Fiyat Master'!A$6:M$30, 10, FALSE), 3>=IFERROR(VLOOKUP(C9, 'Birim Fiyat Master'!A$6:M$30, 9, FALSE), 99), VLOOKUP(C9, 'Birim Fiyat Master'!A$6:M$30, 8, FALSE), 3>=IFERROR(VLOOKUP(C9, 'Birim Fiyat Master'!A$6:M$30, 7, FALSE), 99), VLOOKUP(C9, 'Birim Fiyat Master'!A$6:M$30, 6, FALSE), TRUE, VLOOKUP(C9, 'Birim Fiyat Master'!A$6:M$30, 4, FALSE))), VLOOKUP(C9, 'Birim Fiyat Master'!A$6:M$30, 4, FALSE)) | T9: =Q9*S9 | V9: =R9+U9 | W9: =IFERROR(IF(C9="", "", _xludf.IFS(4>=IFERROR(VLOOKUP(C9, 'Birim Fiyat Master'!A$6:M$30, 13, FALSE), 99), VLOOKUP(C9, 'Birim Fiyat Master'!A$6:M$30, 12, FALSE), 4>=IFERROR(VLOOKUP(C9, 'Birim Fiyat Master'!A$6:M$30, 11, FALSE), 99), VLOOKUP(C9, 'Birim Fiyat Master'!A$6:M$30, 10, FALSE), 4>=IFERROR(VLOOKUP(C9, 'Birim Fiyat Master'!A$6:M$30, 9, FALSE), 99), VLOOKUP(C9, 'Birim Fiyat Master'!A$6:M$30, 8, FALSE), 4>=IFERROR(VLOOKUP(C9, 'Birim Fiyat Master'!A$6:M$30, 7, FALSE), 99), VLOOKUP(C9, 'Birim Fiyat Master'!A$6:M$30, 6, FALSE), TRUE, VLOOKUP(C9, 'Birim Fiyat Master'!A$6:M$30, 4, FALSE))), VLOOKUP(C9, 'Birim Fiyat Master'!A$6:M$30, 4, FALSE)) | X9: =U9*W9 | Z9: =V9+Y9 | AA9: =IFERROR(IF(C9="", "", _xludf.IFS(5>=IFERROR(VLOOKUP(C9, 'Birim Fiyat Master'!A$6:M$30, 13, FALSE), 99), VLOOKUP(C9, 'Birim Fiyat Master'!A$6:M$30, 12, FALSE), 5>=IFERROR(VLOOKUP(C9, 'Birim Fiyat Master'!A$6:M$30, 11, FALSE), 99), VLOOKUP(C9, 'Birim Fiyat Master'!A$6:M$30, 10, FALSE), 5>=IFERROR(VLOOKUP(C9, 'Birim Fiyat Master'!A$6:M$30, 9, FALSE), 99), VLOOKUP(C9, 'Birim Fiyat Master'!A$6:M$30, 8, FALSE), 5>=IFERROR(VLOOKUP(C9, 'Birim Fiyat Master'!A$6:M$30, 7, FALSE), 99), VLOOKUP(C9, 'Birim Fiyat Master'!A$6:M$30, 6, FALSE), TRUE, VLOOKUP(C9, 'Birim Fiyat Master'!A$6:M$30, 4, FALSE))), VLOOKUP(C9, 'Birim Fiyat Master'!A$6:M$30, 4, FALSE)) | AB9: =Y9*AA9 | AD9: =Z9+AC9 | AE9: =IFERROR(IF(C9="", "", _xludf.IFS(6>=IFERROR(VLOOKUP(C9, 'Birim Fiyat Master'!A$6:M$30, 13, FALSE), 99), VLOOKUP(C9, 'Birim Fiyat Master'!A$6:M$30, 12, FALSE), 6>=IFERROR(VLOOKUP(C9, 'Birim Fiyat Master'!A$6:M$30, 11, FALSE), 99), VLOOKUP(C9, 'Birim Fiyat Master'!A$6:M$30, 10, FALSE), 6>=IFERROR(VLOOKUP(C9, 'Birim Fiyat Master'!A$6:M$30, 9, FALSE), 99), VLOOKUP(C9, 'Birim Fiyat Master'!A$6:M$30, 8, FALSE), 6>=IFERROR(VLOOKUP(C9, 'Birim Fiyat Master'!A$6:M$30, 7, FALSE), 99), VLOOKUP(C9, 'Birim Fiyat Master'!A$6:M$30, 6, FALSE), TRUE, VLOOKUP(C9, 'Birim Fiyat Master'!A$6:M$30, 4, FALSE))), VLOOKUP(C9, 'Birim Fiyat Master'!A$6:M$30, 4, FALSE)) | AF9: =AC9*AE9 | AH9: =AD9+AG9 | AI9: =IFERROR(IF(C9="", "", _xludf.IFS(7>=IFERROR(VLOOKUP(C9, 'Birim Fiyat Master'!A$6:M$30, 13, FALSE), 99), VLOOKUP(C9, 'Birim Fiyat Master'!A$6:M$30, 12, FALSE), 7>=IFERROR(VLOOKUP(C9, 'Birim Fiyat Master'!A$6:M$30, 11, FALSE), 99), VLOOKUP(C9, 'Birim Fiyat Master'!A$6:M$30, 10, FALSE), 7>=IFERROR(VLOOKUP(C9, 'Birim Fiyat Master'!A$6:M$30, 9, FALSE), 99), VLOOKUP(C9, 'Birim Fiyat Master'!A$6:M$30, 8, FALSE), 7>=IFERROR(VLOOKUP(C9, 'Birim Fiyat Master'!A$6:M$30, 7, FALSE), 99), VLOOKUP(C9, 'Birim Fiyat Master'!A$6:M$30, 6, FALSE), TRUE, VLOOKUP(C9, 'Birim Fiyat Master'!A$6:M$30, 4, FALSE))), VLOOKUP(C9, 'Birim Fiyat Master'!A$6:M$30, 4, FALSE)) | AJ9: =AG9*AI9 | AL9: =AH9+AK9 | AM9: =IFERROR(IF(C9="", "", _xludf.IFS(8>=IFERROR(VLOOKUP(C9, 'Birim Fiyat Master'!A$6:M$30, 13, FALSE), 99), VLOOKUP(C9, 'Birim Fiyat Master'!A$6:M$30, 12, FALSE), 8>=IFERROR(VLOOKUP(C9, 'Birim Fiyat Master'!A$6:M$30, 11, FALSE), 99), VLOOKUP(C9, 'Birim Fiyat Master'!A$6:M$30, 10, FALSE), 8>=IFERROR(VLOOKUP(C9, 'Birim Fiyat Master'!A$6:M$30, 9, FALSE), 99), VLOOKUP(C9, 'Birim Fiyat Master'!A$6:M$30, 8, FALSE), 8>=IFERROR(VLOOKUP(C9, 'Birim Fiyat Master'!A$6:M$30, 7, FALSE), 99), VLOOKUP(C9, 'Birim Fiyat Master'!A$6:M$30, 6, FALSE), TRUE, VLOOKUP(C9, 'Birim Fiyat Master'!A$6:M$30, 4, FALSE))), VLOOKUP(C9, 'Birim Fiyat Master'!A$6:M$30, 4, FALSE)) | AN9: =AK9*AM9 | AP9: =AL9+AO9 | AQ9: =IFERROR(IF(C9="", "", _xludf.IFS(9>=IFERROR(VLOOKUP(C9, 'Birim Fiyat Master'!A$6:M$30, 13, FALSE), 99), VLOOKUP(C9, 'Birim Fiyat Master'!A$6:M$30, 12, FALSE), 9>=IFERROR(VLOOKUP(C9, 'Birim Fiyat Master'!A$6:M$30, 11, FALSE), 99), VLOOKUP(C9, 'Birim Fiyat Master'!A$6:M$30, 10, FALSE), 9>=IFERROR(VLOOKUP(C9, 'Birim Fiyat Master'!A$6:M$30, 9, FALSE), 99), VLOOKUP(C9, 'Birim Fiyat Master'!A$6:M$30, 8, FALSE), 9>=IFERROR(VLOOKUP(C9, 'Birim Fiyat Master'!A$6:M$30, 7, FALSE), 99), VLOOKUP(C9, 'Birim Fiyat Master'!A$6:M$30, 6, FALSE), TRUE, VLOOKUP(C9, 'Birim Fiyat Master'!A$6:M$30, 4, FALSE))), VLOOKUP(C9, 'Birim Fiyat Master'!A$6:M$30, 4, FALSE)) | AR9: =AO9*AQ9 | AT9: =AP9+AS9 | AU9: =IFERROR(IF(C9="", "", _xludf.IFS(10>=IFERROR(VLOOKUP(C9, 'Birim Fiyat Master'!A$6:M$30, 13, FALSE), 99), VLOOKUP(C9, 'Birim Fiyat Master'!A$6:M$30, 12, FALSE), 10>=IFERROR(VLOOKUP(C9, 'Birim Fiyat Master'!A$6:M$30, 11, FALSE), 99), VLOOKUP(C9, 'Birim Fiyat Master'!A$6:M$30, 10, FALSE), 10>=IFERROR(VLOOKUP(C9, 'Birim Fiyat Master'!A$6:M$30, 9, FALSE), 99), VLOOKUP(C9, 'Birim Fiyat Master'!A$6:M$30, 8, FALSE), 10>=IFERROR(VLOOKUP(C9, 'Birim Fiyat Master'!A$6:M$30, 7, FALSE), 99), VLOOKUP(C9, 'Birim Fiyat Master'!A$6:M$30, 6, FALSE), TRUE, VLOOKUP(C9, 'Birim Fiyat Master'!A$6:M$30, 4, FALSE))), VLOOKUP(C9, 'Birim Fiyat Master'!A$6:M$30, 4, FALSE)) | AV9: =AS9*AU9 | AX9: =AT9+AW9 | AY9: =IFERROR(IF(C9="", "", _xludf.IFS(11>=IFERROR(VLOOKUP(C9, 'Birim Fiyat Master'!A$6:M$30, 13, FALSE), 99), VLOOKUP(C9, 'Birim Fiyat Master'!A$6:M$30, 12, FALSE), 11>=IFERROR(VLOOKUP(C9, 'Birim Fiyat Master'!A$6:M$30, 11, FALSE), 99), VLOOKUP(C9, 'Birim Fiyat Master'!A$6:M$30, 10, FALSE), 11>=IFERROR(VLOOKUP(C9, 'Birim Fiyat Master'!A$6:M$30, 9, FALSE), 99), VLOOKUP(C9, 'Birim Fiyat Master'!A$6:M$30, 8, FALSE), 11>=IFERROR(VLOOKUP(C9, 'Birim Fiyat Master'!A$6:M$30, 7, FALSE), 99), VLOOKUP(C9, 'Birim Fiyat Master'!A$6:M$30, 6, FALSE), TRUE, VLOOKUP(C9, 'Birim Fiyat Master'!A$6:M$30, 4, FALSE))), VLOOKUP(C9, 'Birim Fiyat Master'!A$6:M$30, 4, FALSE)) | AZ9: =AW9*AY9 | BB9: =AX9+BA9 | BC9: =IFERROR(IF(C9="", "", _xludf.IFS(12>=IFERROR(VLOOKUP(C9, 'Birim Fiyat Master'!A$6:M$30, 13, FALSE), 99), VLOOKUP(C9, 'Birim Fiyat Master'!A$6:M$30, 12, FALSE), 12>=IFERROR(VLOOKUP(C9, 'Birim Fiyat Master'!A$6:M$30, 11, FALSE), 99), VLOOKUP(C9, 'Birim Fiyat Master'!A$6:M$30, 10, FALSE), 12>=IFERROR(VLOOKUP(C9, 'Birim Fiyat Master'!A$6:M$30, 9, FALSE), 99), VLOOKUP(C9, 'Birim Fiyat Master'!A$6:M$30, 8, FALSE), 12>=IFERROR(VLOOKUP(C9, 'Birim Fiyat Master'!A$6:M$30, 7, FALSE), 99), VLOOKUP(C9, 'Birim Fiyat Master'!A$6:M$30, 6, FALSE), TRUE, VLOOKUP(C9, 'Birim Fiyat Master'!A$6:M$30, 4, FALSE))), VLOOKUP(C9, 'Birim Fiyat Master'!A$6:M$30, 4, FALSE)) | BD9: =BA9*BC9 | BF9: =BB9+BE9 | BG9: =IFERROR(IF(C9="", "", _xludf.IFS(13>=IFERROR(VLOOKUP(C9, 'Birim Fiyat Master'!A$6:M$30, 13, FALSE), 99), VLOOKUP(C9, 'Birim Fiyat Master'!A$6:M$30, 12, FALSE), 13>=IFERROR(VLOOKUP(C9, 'Birim Fiyat Master'!A$6:M$30, 11, FALSE), 99), VLOOKUP(C9, 'Birim Fiyat Master'!A$6:M$30, 10, FALSE), 13>=IFERROR(VLOOKUP(C9, 'Birim Fiyat Master'!A$6:M$30, 9, FALSE), 99), VLOOKUP(C9, 'Birim Fiyat Master'!A$6:M$30, 8, FALSE), 13>=IFERROR(VLOOKUP(C9, 'Birim Fiyat Master'!A$6:M$30, 7, FALSE), 99), VLOOKUP(C9, 'Birim Fiyat Master'!A$6:M$30, 6, FALSE), TRUE, VLOOKUP(C9, 'Birim Fiyat Master'!A$6:M$30, 4, FALSE))), VLOOKUP(C9, 'Birim Fiyat Master'!A$6:M$30, 4, FALSE)) | BH9: =BE9*BG9 | BJ9: =BF9+BI9 | BK9: =IFERROR(IF(C9="", "", _xludf.IFS(14>=IFERROR(VLOOKUP(C9, 'Birim Fiyat Master'!A$6:M$30, 13, FALSE), 99), VLOOKUP(C9, 'Birim Fiyat Master'!A$6:M$30, 12, FALSE), 14>=IFERROR(VLOOKUP(C9, 'Birim Fiyat Master'!A$6:M$30, 11, FALSE), 99), VLOOKUP(C9, 'Birim Fiyat Master'!A$6:M$30, 10, FALSE), 14>=IFERROR(VLOOKUP(C9, 'Birim Fiyat Master'!A$6:M$30, 9, FALSE), 99), VLOOKUP(C9, 'Birim Fiyat Master'!A$6:M$30, 8, FALSE), 14>=IFERROR(VLOOKUP(C9, 'Birim Fiyat Master'!A$6:M$30, 7, FALSE), 99), VLOOKUP(C9, 'Birim Fiyat Master'!A$6:M$30, 6, FALSE), TRUE, VLOOKUP(C9, 'Birim Fiyat Master'!A$6:M$30, 4, FALSE))), VLOOKUP(C9, 'Birim Fiyat Master'!A$6:M$30, 4, FALSE)) | BL9: =BI9*BK9 | BN9: =BJ9+BM9 | BO9: =IFERROR(IF(C9="", "", _xludf.IFS(15>=IFERROR(VLOOKUP(C9, 'Birim Fiyat Master'!A$6:M$30, 13, FALSE), 99), VLOOKUP(C9, 'Birim Fiyat Master'!A$6:M$30, 12, FALSE), 15>=IFERROR(VLOOKUP(C9, 'Birim Fiyat Master'!A$6:M$30, 11, FALSE), 99), VLOOKUP(C9, 'Birim Fiyat Master'!A$6:M$30, 10, FALSE), 15>=IFERROR(VLOOKUP(C9, 'Birim Fiyat Master'!A$6:M$30, 9, FALSE), 99), VLOOKUP(C9, 'Birim Fiyat Master'!A$6:M$30, 8, FALSE), 15>=IFERROR(VLOOKUP(C9, 'Birim Fiyat Master'!A$6:M$30, 7, FALSE), 99), VLOOKUP(C9, 'Birim Fiyat Master'!A$6:M$30, 6, FALSE), TRUE, VLOOKUP(C9, 'Birim Fiyat Master'!A$6:M$30, 4, FALSE))), VLOOKUP(C9, 'Birim Fiyat Master'!A$6:M$30, 4, FALSE)) | BP9: =BM9*BO9
D10: =IFERROR(VLOOKUP(C10, 'Birim Fiyat Master'!A$6:M$30, 2, FALSE), "") | E10: =IFERROR(VLOOKUP(C10, 'Birim Fiyat Master'!A$6:M$30, 3, FALSE), "") | G10: =F10-BM10 | J10: =H10+I10 | K10: =IFERROR(IF(C10="", "", _xludf.IFS(1>=IFERROR(VLOOKUP(C10, 'Birim Fiyat Master'!A$6:M$30, 13, FALSE), 99), VLOOKUP(C10, 'Birim Fiyat Master'!A$6:M$30, 12, FALSE), 1>=IFERROR(VLOOKUP(C10, 'Birim Fiyat Master'!A$6:M$30, 11, FALSE), 99), VLOOKUP(C10, 'Birim Fiyat Master'!A$6:M$30, 10, FALSE), 1>=IFERROR(VLOOKUP(C10, 'Birim Fiyat Master'!A$6:M$30, 9, FALSE), 99), VLOOKUP(C10, 'Birim Fiyat Master'!A$6:M$30, 8, FALSE), 1>=IFERROR(VLOOKUP(C10, 'Birim Fiyat Master'!A$6:M$30, 7, FALSE), 99), VLOOKUP(C10, 'Birim Fiyat Master'!A$6:M$30, 6, FALSE), TRUE, VLOOKUP(C10, 'Birim Fiyat Master'!A$6:M$30, 4, FALSE))), VLOOKUP(C10, 'Birim Fiyat Master'!A$6:M$30, 4, FALSE)) | L10: =I10*K10 | N10: =J10+M10 | O10: =IFERROR(IF(C10="", "", _xludf.IFS(2>=IFERROR(VLOOKUP(C10, 'Birim Fiyat Master'!A$6:M$30, 13, FALSE), 99), VLOOKUP(C10, 'Birim Fiyat Master'!A$6:M$30, 12, FALSE), 2>=IFERROR(VLOOKUP(C10, 'Birim Fiyat Master'!A$6:M$30, 11, FALSE), 99), VLOOKUP(C10, 'Birim Fiyat Master'!A$6:M$30, 10, FALSE), 2>=IFERROR(VLOOKUP(C10, 'Birim Fiyat Master'!A$6:M$30, 9, FALSE), 99), VLOOKUP(C10, 'Birim Fiyat Master'!A$6:M$30, 8, FALSE), 2>=IFERROR(VLOOKUP(C10, 'Birim Fiyat Master'!A$6:M$30, 7, FALSE), 99), VLOOKUP(C10, 'Birim Fiyat Master'!A$6:M$30, 6, FALSE), TRUE, VLOOKUP(C10, 'Birim Fiyat Master'!A$6:M$30, 4, FALSE))), VLOOKUP(C10, 'Birim Fiyat Master'!A$6:M$30, 4, FALSE)) | P10: =M10*O10 | R10: =N10+Q10 | S10: =IFERROR(IF(C10="", "", _xludf.IFS(3>=IFERROR(VLOOKUP(C10, 'Birim Fiyat Master'!A$6:M$30, 13, FALSE), 99), VLOOKUP(C10, 'Birim Fiyat Master'!A$6:M$30, 12, FALSE), 3>=IFERROR(VLOOKUP(C10, 'Birim Fiyat Master'!A$6:M$30, 11, FALSE), 99), VLOOKUP(C10, 'Birim Fiyat Master'!A$6:M$30, 10, FALSE), 3>=IFERROR(VLOOKUP(C10, 'Birim Fiyat Master'!A$6:M$30, 9, FALSE), 99), VLOOKUP(C10, 'Birim Fiyat Master'!A$6:M$30, 8, FALSE), 3>=IFERROR(VLOOKUP(C10, 'Birim Fiyat Master'!A$6:M$30, 7, FALSE), 99), VLOOKUP(C10, 'Birim Fiyat Master'!A$6:M$30, 6, FALSE), TRUE, VLOOKUP(C10, 'Birim Fiyat Master'!A$6:M$30, 4, FALSE))), VLOOKUP(C10, 'Birim Fiyat Master'!A$6:M$30, 4, FALSE)) | T10: =Q10*S10 | V10: =R10+U10 | W10: =IFERROR(IF(C10="", "", _xludf.IFS(4>=IFERROR(VLOOKUP(C10, 'Birim Fiyat Master'!A$6:M$30, 13, FALSE), 99), VLOOKUP(C10, 'Birim Fiyat Master'!A$6:M$30, 12, FALSE), 4>=IFERROR(VLOOKUP(C10, 'Birim Fiyat Master'!A$6:M$30, 11, FALSE), 99), VLOOKUP(C10, 'Birim Fiyat Master'!A$6:M$30, 10, FALSE), 4>=IFERROR(VLOOKUP(C10, 'Birim Fiyat Master'!A$6:M$30, 9, FALSE), 99), VLOOKUP(C10, 'Birim Fiyat Master'!A$6:M$30, 8, FALSE), 4>=IFERROR(VLOOKUP(C10, 'Birim Fiyat Master'!A$6:M$30, 7, FALSE), 99), VLOOKUP(C10, 'Birim Fiyat Master'!A$6:M$30, 6, FALSE), TRUE, VLOOKUP(C10, 'Birim Fiyat Master'!A$6:M$30, 4, FALSE))), VLOOKUP(C10, 'Birim Fiyat Master'!A$6:M$30, 4, FALSE)) | X10: =U10*W10 | Z10: =V10+Y10 | AA10: =IFERROR(IF(C10="", "", _xludf.IFS(5>=IFERROR(VLOOKUP(C10, 'Birim Fiyat Master'!A$6:M$30, 13, FALSE), 99), VLOOKUP(C10, 'Birim Fiyat Master'!A$6:M$30, 12, FALSE), 5>=IFERROR(VLOOKUP(C10, 'Birim Fiyat Master'!A$6:M$30, 11, FALSE), 99), VLOOKUP(C10, 'Birim Fiyat Master'!A$6:M$30, 10, FALSE), 5>=IFERROR(VLOOKUP(C10, 'Birim Fiyat Master'!A$6:M$30, 9, FALSE), 99), VLOOKUP(C10, 'Birim Fiyat Master'!A$6:M$30, 8, FALSE), 5>=IFERROR(VLOOKUP(C10, 'Birim Fiyat Master'!A$6:M$30, 7, FALSE), 99), VLOOKUP(C10, 'Birim Fiyat Master'!A$6:M$30, 6, FALSE), TRUE, VLOOKUP(C10, 'Birim Fiyat Master'!A$6:M$30, 4, FALSE))), VLOOKUP(C10, 'Birim Fiyat Master'!A$6:M$30, 4, FALSE)) | AB10: =Y10*AA10 | AD10: =Z10+AC10 | AE10: =IFERROR(IF(C10="", "", _xludf.IFS(6>=IFERROR(VLOOKUP(C10, 'Birim Fiyat Master'!A$6:M$30, 13, FALSE), 99), VLOOKUP(C10, 'Birim Fiyat Master'!A$6:M$30, 12, FALSE), 6>=IFERROR(VLOOKUP(C10, 'Birim Fiyat Master'!A$6:M$30, 11, FALSE), 99), VLOOKUP(C10, 'Birim Fiyat Master'!A$6:M$30, 10, FALSE), 6>=IFERROR(VLOOKUP(C10, 'Birim Fiyat Master'!A$6:M$30, 9, FALSE), 99), VLOOKUP(C10, 'Birim Fiyat Master'!A$6:M$30, 8, FALSE), 6>=IFERROR(VLOOKUP(C10, 'Birim Fiyat Master'!A$6:M$30, 7, FALSE), 99), VLOOKUP(C10, 'Birim Fiyat Master'!A$6:M$30, 6, FALSE), TRUE, VLOOKUP(C10, 'Birim Fiyat Master'!A$6:M$30, 4, FALSE))), VLOOKUP(C10, 'Birim Fiyat Master'!A$6:M$30, 4, FALSE)) | AF10: =AC10*AE10 | AH10: =AD10+AG10 | AI10: =IFERROR(IF(C10="", "", _xludf.IFS(7>=IFERROR(VLOOKUP(C10, 'Birim Fiyat Master'!A$6:M$30, 13, FALSE), 99), VLOOKUP(C10, 'Birim Fiyat Master'!A$6:M$30, 12, FALSE), 7>=IFERROR(VLOOKUP(C10, 'Birim Fiyat Master'!A$6:M$30, 11, FALSE), 99), VLOOKUP(C10, 'Birim Fiyat Master'!A$6:M$30, 10, FALSE), 7>=IFERROR(VLOOKUP(C10, 'Birim Fiyat Master'!A$6:M$30, 9, FALSE), 99), VLOOKUP(C10, 'Birim Fiyat Master'!A$6:M$30, 8, FALSE), 7>=IFERROR(VLOOKUP(C10, 'Birim Fiyat Master'!A$6:M$30, 7, FALSE), 99), VLOOKUP(C10, 'Birim Fiyat Master'!A$6:M$30, 6, FALSE), TRUE, VLOOKUP(C10, 'Birim Fiyat Master'!A$6:M$30, 4, FALSE))), VLOOKUP(C10, 'Birim Fiyat Master'!A$6:M$30, 4, FALSE)) | AJ10: =AG10*AI10 | AL10: =AH10+AK10 | AM10: =IFERROR(IF(C10="", "", _xludf.IFS(8>=IFERROR(VLOOKUP(C10, 'Birim Fiyat Master'!A$6:M$30, 13, FALSE), 99), VLOOKUP(C10, 'Birim Fiyat Master'!A$6:M$30, 12, FALSE), 8>=IFERROR(VLOOKUP(C10, 'Birim Fiyat Master'!A$6:M$30, 11, FALSE), 99), VLOOKUP(C10, 'Birim Fiyat Master'!A$6:M$30, 10, FALSE), 8>=IFERROR(VLOOKUP(C10, 'Birim Fiyat Master'!A$6:M$30, 9, FALSE), 99), VLOOKUP(C10, 'Birim Fiyat Master'!A$6:M$30, 8, FALSE), 8>=IFERROR(VLOOKUP(C10, 'Birim Fiyat Master'!A$6:M$30, 7, FALSE), 99), VLOOKUP(C10, 'Birim Fiyat Master'!A$6:M$30, 6, FALSE), TRUE, VLOOKUP(C10, 'Birim Fiyat Master'!A$6:M$30, 4, FALSE))), VLOOKUP(C10, 'Birim Fiyat Master'!A$6:M$30, 4, FALSE)) | AN10: =AK10*AM10 | AP10: =AL10+AO10 | AQ10: =IFERROR(IF(C10="", "", _xludf.IFS(9>=IFERROR(VLOOKUP(C10, 'Birim Fiyat Master'!A$6:M$30, 13, FALSE), 99), VLOOKUP(C10, 'Birim Fiyat Master'!A$6:M$30, 12, FALSE), 9>=IFERROR(VLOOKUP(C10, 'Birim Fiyat Master'!A$6:M$30, 11, FALSE), 99), VLOOKUP(C10, 'Birim Fiyat Master'!A$6:M$30, 10, FALSE), 9>=IFERROR(VLOOKUP(C10, 'Birim Fiyat Master'!A$6:M$30, 9, FALSE), 99), VLOOKUP(C10, 'Birim Fiyat Master'!A$6:M$30, 8, FALSE), 9>=IFERROR(VLOOKUP(C10, 'Birim Fiyat Master'!A$6:M$30, 7, FALSE), 99), VLOOKUP(C10, 'Birim Fiyat Master'!A$6:M$30, 6, FALSE), TRUE, VLOOKUP(C10, 'Birim Fiyat Master'!A$6:M$30, 4, FALSE))), VLOOKUP(C10, 'Birim Fiyat Master'!A$6:M$30, 4, FALSE)) | AR10: =AO10*AQ10 | AT10: =AP10+AS10 | AU10: =IFERROR(IF(C10="", "", _xludf.IFS(10>=IFERROR(VLOOKUP(C10, 'Birim Fiyat Master'!A$6:M$30, 13, FALSE), 99), VLOOKUP(C10, 'Birim Fiyat Master'!A$6:M$30, 12, FALSE), 10>=IFERROR(VLOOKUP(C10, 'Birim Fiyat Master'!A$6:M$30, 11, FALSE), 99), VLOOKUP(C10, 'Birim Fiyat Master'!A$6:M$30, 10, FALSE), 10>=IFERROR(VLOOKUP(C10, 'Birim Fiyat Master'!A$6:M$30, 9, FALSE), 99), VLOOKUP(C10, 'Birim Fiyat Master'!A$6:M$30, 8, FALSE), 10>=IFERROR(VLOOKUP(C10, 'Birim Fiyat Master'!A$6:M$30, 7, FALSE), 99), VLOOKUP(C10, 'Birim Fiyat Master'!A$6:M$30, 6, FALSE), TRUE, VLOOKUP(C10, 'Birim Fiyat Master'!A$6:M$30, 4, FALSE))), VLOOKUP(C10, 'Birim Fiyat Master'!A$6:M$30, 4, FALSE)) | AV10: =AS10*AU10 | AX10: =AT10+AW10 | AY10: =IFERROR(IF(C10="", "", _xludf.IFS(11>=IFERROR(VLOOKUP(C10, 'Birim Fiyat Master'!A$6:M$30, 13, FALSE), 99), VLOOKUP(C10, 'Birim Fiyat Master'!A$6:M$30, 12, FALSE), 11>=IFERROR(VLOOKUP(C10, 'Birim Fiyat Master'!A$6:M$30, 11, FALSE), 99), VLOOKUP(C10, 'Birim Fiyat Master'!A$6:M$30, 10, FALSE), 11>=IFERROR(VLOOKUP(C10, 'Birim Fiyat Master'!A$6:M$30, 9, FALSE), 99), VLOOKUP(C10, 'Birim Fiyat Master'!A$6:M$30, 8, FALSE), 11>=IFERROR(VLOOKUP(C10, 'Birim Fiyat Master'!A$6:M$30, 7, FALSE), 99), VLOOKUP(C10, 'Birim Fiyat Master'!A$6:M$30, 6, FALSE), TRUE, VLOOKUP(C10, 'Birim Fiyat Master'!A$6:M$30, 4, FALSE))), VLOOKUP(C10, 'Birim Fiyat Master'!A$6:M$30, 4, FALSE)) | AZ10: =AW10*AY10 | BB10: =AX10+BA10 | BC10: =IFERROR(IF(C10="", "", _xludf.IFS(12>=IFERROR(VLOOKUP(C10, 'Birim Fiyat Master'!A$6:M$30, 13, FALSE), 99), VLOOKUP(C10, 'Birim Fiyat Master'!A$6:M$30, 12, FALSE), 12>=IFERROR(VLOOKUP(C10, 'Birim Fiyat Master'!A$6:M$30, 11, FALSE), 99), VLOOKUP(C10, 'Birim Fiyat Master'!A$6:M$30, 10, FALSE), 12>=IFERROR(VLOOKUP(C10, 'Birim Fiyat Master'!A$6:M$30, 9, FALSE), 99), VLOOKUP(C10, 'Birim Fiyat Master'!A$6:M$30, 8, FALSE), 12>=IFERROR(VLOOKUP(C10, 'Birim Fiyat Master'!A$6:M$30, 7, FALSE), 99), VLOOKUP(C10, 'Birim Fiyat Master'!A$6:M$30, 6, FALSE), TRUE, VLOOKUP(C10, 'Birim Fiyat Master'!A$6:M$30, 4, FALSE))), VLOOKUP(C10, 'Birim Fiyat Master'!A$6:M$30, 4, FALSE)) | BD10: =BA10*BC10 | BF10: =BB10+BE10 | BG10: =IFERROR(IF(C10="", "", _xludf.IFS(13>=IFERROR(VLOOKUP(C10, 'Birim Fiyat Master'!A$6:M$30, 13, FALSE), 99), VLOOKUP(C10, 'Birim Fiyat Master'!A$6:M$30, 12, FALSE), 13>=IFERROR(VLOOKUP(C10, 'Birim Fiyat Master'!A$6:M$30, 11, FALSE), 99), VLOOKUP(C10, 'Birim Fiyat Master'!A$6:M$30, 10, FALSE), 13>=IFERROR(VLOOKUP(C10, 'Birim Fiyat Master'!A$6:M$30, 9, FALSE), 99), VLOOKUP(C10, 'Birim Fiyat Master'!A$6:M$30, 8, FALSE), 13>=IFERROR(VLOOKUP(C10, 'Birim Fiyat Master'!A$6:M$30, 7, FALSE), 99), VLOOKUP(C10, 'Birim Fiyat Master'!A$6:M$30, 6, FALSE), TRUE, VLOOKUP(C10, 'Birim Fiyat Master'!A$6:M$30, 4, FALSE))), VLOOKUP(C10, 'Birim Fiyat Master'!A$6:M$30, 4, FALSE)) | BH10: =BE10*BG10 | BJ10: =BF10+BI10 | BK10: =IFERROR(IF(C10="", "", _xludf.IFS(14>=IFERROR(VLOOKUP(C10, 'Birim Fiyat Master'!A$6:M$30, 13, FALSE), 99), VLOOKUP(C10, 'Birim Fiyat Master'!A$6:M$30, 12, FALSE), 14>=IFERROR(VLOOKUP(C10, 'Birim Fiyat Master'!A$6:M$30, 11, FALSE), 99), VLOOKUP(C10, 'Birim Fiyat Master'!A$6:M$30, 10, FALSE), 14>=IFERROR(VLOOKUP(C10, 'Birim Fiyat Master'!A$6:M$30, 9, FALSE), 99), VLOOKUP(C10, 'Birim Fiyat Master'!A$6:M$30, 8, FALSE), 14>=IFERROR(VLOOKUP(C10, 'Birim Fiyat Master'!A$6:M$30, 7, FALSE), 99), VLOOKUP(C10, 'Birim Fiyat Master'!A$6:M$30, 6, FALSE), TRUE, VLOOKUP(C10, 'Birim Fiyat Master'!A$6:M$30, 4, FALSE))), VLOOKUP(C10, 'Birim Fiyat Master'!A$6:M$30, 4, FALSE)) | BL10: =BI10*BK10 | BN10: =BJ10+BM10 | BO10: =IFERROR(IF(C10="", "", _xludf.IFS(15>=IFERROR(VLOOKUP(C10, 'Birim Fiyat Master'!A$6:M$30, 13, FALSE), 99), VLOOKUP(C10, 'Birim Fiyat Master'!A$6:M$30, 12, FALSE), 15>=IFERROR(VLOOKUP(C10, 'Birim Fiyat Master'!A$6:M$30, 11, FALSE), 99), VLOOKUP(C10, 'Birim Fiyat Master'!A$6:M$30, 10, FALSE), 15>=IFERROR(VLOOKUP(C10, 'Birim Fiyat Master'!A$6:M$30, 9, FALSE), 99), VLOOKUP(C10, 'Birim Fiyat Master'!A$6:M$30, 8, FALSE), 15>=IFERROR(VLOOKUP(C10, 'Birim Fiyat Master'!A$6:M$30, 7, FALSE), 99), VLOOKUP(C10, 'Birim Fiyat Master'!A$6:M$30, 6, FALSE), TRUE, VLOOKUP(C10, 'Birim Fiyat Master'!A$6:M$30, 4, FALSE))), VLOOKUP(C10, 'Birim Fiyat Master'!A$6:M$30, 4, FALSE)) | BP10: =BM10*BO10
D11: =IFERROR(VLOOKUP(C11, 'Birim Fiyat Master'!A$6:M$30, 2, FALSE), "") | E11: =IFERROR(VLOOKUP(C11, 'Birim Fiyat Master'!A$6:M$30, 3, FALSE), "") | G11: =F11-BM11 | J11: =H11+I11 | K11: =IFERROR(IF(C11="", "", _xludf.IFS(1>=IFERROR(VLOOKUP(C11, 'Birim Fiyat Master'!A$6:M$30, 13, FALSE), 99), VLOOKUP(C11, 'Birim Fiyat Master'!A$6:M$30, 12, FALSE), 1>=IFERROR(VLOOKUP(C11, 'Birim Fiyat Master'!A$6:M$30, 11, FALSE), 99), VLOOKUP(C11, 'Birim Fiyat Master'!A$6:M$30, 10, FALSE), 1>=IFERROR(VLOOKUP(C11, 'Birim Fiyat Master'!A$6:M$30, 9, FALSE), 99), VLOOKUP(C11, 'Birim Fiyat Master'!A$6:M$30, 8, FALSE), 1>=IFERROR(VLOOKUP(C11, 'Birim Fiyat Master'!A$6:M$30, 7, FALSE), 99), VLOOKUP(C11, 'Birim Fiyat Master'!A$6:M$30, 6, FALSE), TRUE, VLOOKUP(C11, 'Birim Fiyat Master'!A$6:M$30, 4, FALSE))), VLOOKUP(C11, 'Birim Fiyat Master'!A$6:M$30, 4, FALSE)) | L11: =I11*K11 | N11: =J11+M11 | O11: =IFERROR(IF(C11="", "", _xludf.IFS(2>=IFERROR(VLOOKUP(C11, 'Birim Fiyat Master'!A$6:M$30, 13, FALSE), 99), VLOOKUP(C11, 'Birim Fiyat Master'!A$6:M$30, 12, FALSE), 2>=IFERROR(VLOOKUP(C11, 'Birim Fiyat Master'!A$6:M$30, 11, FALSE), 99), VLOOKUP(C11, 'Birim Fiyat Master'!A$6:M$30, 10, FALSE), 2>=IFERROR(VLOOKUP(C11, 'Birim Fiyat Master'!A$6:M$30, 9, FALSE), 99), VLOOKUP(C11, 'Birim Fiyat Master'!A$6:M$30, 8, FALSE), 2>=IFERROR(VLOOKUP(C11, 'Birim Fiyat Master'!A$6:M$30, 7, FALSE), 99), VLOOKUP(C11, 'Birim Fiyat Master'!A$6:M$30, 6, FALSE), TRUE, VLOOKUP(C11, 'Birim Fiyat Master'!A$6:M$30, 4, FALSE))), VLOOKUP(C11, 'Birim Fiyat Master'!A$6:M$30, 4, FALSE)) | P11: =M11*O11 | R11: =N11+Q11 | S11: =IFERROR(IF(C11="", "", _xludf.IFS(3>=IFERROR(VLOOKUP(C11, 'Birim Fiyat Master'!A$6:M$30, 13, FALSE), 99), VLOOKUP(C11, 'Birim Fiyat Master'!A$6:M$30, 12, FALSE), 3>=IFERROR(VLOOKUP(C11, 'Birim Fiyat Master'!A$6:M$30, 11, FALSE), 99), VLOOKUP(C11, 'Birim Fiyat Master'!A$6:M$30, 10, FALSE), 3>=IFERROR(VLOOKUP(C11, 'Birim Fiyat Master'!A$6:M$30, 9, FALSE), 99), VLOOKUP(C11, 'Birim Fiyat Master'!A$6:M$30, 8, FALSE), 3>=IFERROR(VLOOKUP(C11, 'Birim Fiyat Master'!A$6:M$30, 7, FALSE), 99), VLOOKUP(C11, 'Birim Fiyat Master'!A$6:M$30, 6, FALSE), TRUE, VLOOKUP(C11, 'Birim Fiyat Master'!A$6:M$30, 4, FALSE))), VLOOKUP(C11, 'Birim Fiyat Master'!A$6:M$30, 4, FALSE)) | T11: =Q11*S11 | V11: =R11+U11 | W11: =IFERROR(IF(C11="", "", _xludf.IFS(4>=IFERROR(VLOOKUP(C11, 'Birim Fiyat Master'!A$6:M$30, 13, FALSE), 99), VLOOKUP(C11, 'Birim Fiyat Master'!A$6:M$30, 12, FALSE), 4>=IFERROR(VLOOKUP(C11, 'Birim Fiyat Master'!A$6:M$30, 11, FALSE), 99), VLOOKUP(C11, 'Birim Fiyat Master'!A$6:M$30, 10, FALSE), 4>=IFERROR(VLOOKUP(C11, 'Birim Fiyat Master'!A$6:M$30, 9, FALSE), 99), VLOOKUP(C11, 'Birim Fiyat Master'!A$6:M$30, 8, FALSE), 4>=IFERROR(VLOOKUP(C11, 'Birim Fiyat Master'!A$6:M$30, 7, FALSE), 99), VLOOKUP(C11, 'Birim Fiyat Master'!A$6:M$30, 6, FALSE), TRUE, VLOOKUP(C11, 'Birim Fiyat Master'!A$6:M$30, 4, FALSE))), VLOOKUP(C11, 'Birim Fiyat Master'!A$6:M$30, 4, FALSE)) | X11: =U11*W11 | Z11: =V11+Y11 | AA11: =IFERROR(IF(C11="", "", _xludf.IFS(5>=IFERROR(VLOOKUP(C11, 'Birim Fiyat Master'!A$6:M$30, 13, FALSE), 99), VLOOKUP(C11, 'Birim Fiyat Master'!A$6:M$30, 12, FALSE), 5>=IFERROR(VLOOKUP(C11, 'Birim Fiyat Master'!A$6:M$30, 11, FALSE), 99), VLOOKUP(C11, 'Birim Fiyat Master'!A$6:M$30, 10, FALSE), 5>=IFERROR(VLOOKUP(C11, 'Birim Fiyat Master'!A$6:M$30, 9, FALSE), 99), VLOOKUP(C11, 'Birim Fiyat Master'!A$6:M$30, 8, FALSE), 5>=IFERROR(VLOOKUP(C11, 'Birim Fiyat Master'!A$6:M$30, 7, FALSE), 99), VLOOKUP(C11, 'Birim Fiyat Master'!A$6:M$30, 6, FALSE), TRUE, VLOOKUP(C11, 'Birim Fiyat Master'!A$6:M$30, 4, FALSE))), VLOOKUP(C11, 'Birim Fiyat Master'!A$6:M$30, 4, FALSE)) | AB11: =Y11*AA11 | AD11: =Z11+AC11 | AE11: =IFERROR(IF(C11="", "", _xludf.IFS(6>=IFERROR(VLOOKUP(C11, 'Birim Fiyat Master'!A$6:M$30, 13, FALSE), 99), VLOOKUP(C11, 'Birim Fiyat Master'!A$6:M$30, 12, FALSE), 6>=IFERROR(VLOOKUP(C11, 'Birim Fiyat Master'!A$6:M$30, 11, FALSE), 99), VLOOKUP(C11, 'Birim Fiyat Master'!A$6:M$30, 10, FALSE), 6>=IFERROR(VLOOKUP(C11, 'Birim Fiyat Master'!A$6:M$30, 9, FALSE), 99), VLOOKUP(C11, 'Birim Fiyat Master'!A$6:M$30, 8, FALSE), 6>=IFERROR(VLOOKUP(C11, 'Birim Fiyat Master'!A$6:M$30, 7, FALSE), 99), VLOOKUP(C11, 'Birim Fiyat Master'!A$6:M$30, 6, FALSE), TRUE, VLOOKUP(C11, 'Birim Fiyat Master'!A$6:M$30, 4, FALSE))), VLOOKUP(C11, 'Birim Fiyat Master'!A$6:M$30, 4, FALSE)) | AF11: =AC11*AE11 | AH11: =AD11+AG11 | AI11: =IFERROR(IF(C11="", "", _xludf.IFS(7>=IFERROR(VLOOKUP(C11, 'Birim Fiyat Master'!A$6:M$30, 13, FALSE), 99), VLOOKUP(C11, 'Birim Fiyat Master'!A$6:M$30, 12, FALSE), 7>=IFERROR(VLOOKUP(C11, 'Birim Fiyat Master'!A$6:M$30, 11, FALSE), 99), VLOOKUP(C11, 'Birim Fiyat Master'!A$6:M$30, 10, FALSE), 7>=IFERROR(VLOOKUP(C11, 'Birim Fiyat Master'!A$6:M$30, 9, FALSE), 99), VLOOKUP(C11, 'Birim Fiyat Master'!A$6:M$30, 8, FALSE), 7>=IFERROR(VLOOKUP(C11, 'Birim Fiyat Master'!A$6:M$30, 7, FALSE), 99), VLOOKUP(C11, 'Birim Fiyat Master'!A$6:M$30, 6, FALSE), TRUE, VLOOKUP(C11, 'Birim Fiyat Master'!A$6:M$30, 4, FALSE))), VLOOKUP(C11, 'Birim Fiyat Master'!A$6:M$30, 4, FALSE)) | AJ11: =AG11*AI11 | AL11: =AH11+AK11 | AM11: =IFERROR(IF(C11="", "", _xludf.IFS(8>=IFERROR(VLOOKUP(C11, 'Birim Fiyat Master'!A$6:M$30, 13, FALSE), 99), VLOOKUP(C11, 'Birim Fiyat Master'!A$6:M$30, 12, FALSE), 8>=IFERROR(VLOOKUP(C11, 'Birim Fiyat Master'!A$6:M$30, 11, FALSE), 99), VLOOKUP(C11, 'Birim Fiyat Master'!A$6:M$30, 10, FALSE), 8>=IFERROR(VLOOKUP(C11, 'Birim Fiyat Master'!A$6:M$30, 9, FALSE), 99), VLOOKUP(C11, 'Birim Fiyat Master'!A$6:M$30, 8, FALSE), 8>=IFERROR(VLOOKUP(C11, 'Birim Fiyat Master'!A$6:M$30, 7, FALSE), 99), VLOOKUP(C11, 'Birim Fiyat Master'!A$6:M$30, 6, FALSE), TRUE, VLOOKUP(C11, 'Birim Fiyat Master'!A$6:M$30, 4, FALSE))), VLOOKUP(C11, 'Birim Fiyat Master'!A$6:M$30, 4, FALSE)) | AN11: =AK11*AM11 | AP11: =AL11+AO11 | AQ11: =IFERROR(IF(C11="", "", _xludf.IFS(9>=IFERROR(VLOOKUP(C11, 'Birim Fiyat Master'!A$6:M$30, 13, FALSE), 99), VLOOKUP(C11, 'Birim Fiyat Master'!A$6:M$30, 12, FALSE), 9>=IFERROR(VLOOKUP(C11, 'Birim Fiyat Master'!A$6:M$30, 11, FALSE), 99), VLOOKUP(C11, 'Birim Fiyat Master'!A$6:M$30, 10, FALSE), 9>=IFERROR(VLOOKUP(C11, 'Birim Fiyat Master'!A$6:M$30, 9, FALSE), 99), VLOOKUP(C11, 'Birim Fiyat Master'!A$6:M$30, 8, FALSE), 9>=IFERROR(VLOOKUP(C11, 'Birim Fiyat Master'!A$6:M$30, 7, FALSE), 99), VLOOKUP(C11, 'Birim Fiyat Master'!A$6:M$30, 6, FALSE), TRUE, VLOOKUP(C11, 'Birim Fiyat Master'!A$6:M$30, 4, FALSE))), VLOOKUP(C11, 'Birim Fiyat Master'!A$6:M$30, 4, FALSE)) | AR11: =AO11*AQ11 | AT11: =AP11+AS11 | AU11: =IFERROR(IF(C11="", "", _xludf.IFS(10>=IFERROR(VLOOKUP(C11, 'Birim Fiyat Master'!A$6:M$30, 13, FALSE), 99), VLOOKUP(C11, 'Birim Fiyat Master'!A$6:M$30, 12, FALSE), 10>=IFERROR(VLOOKUP(C11, 'Birim Fiyat Master'!A$6:M$30, 11, FALSE), 99), VLOOKUP(C11, 'Birim Fiyat Master'!A$6:M$30, 10, FALSE), 10>=IFERROR(VLOOKUP(C11, 'Birim Fiyat Master'!A$6:M$30, 9, FALSE), 99), VLOOKUP(C11, 'Birim Fiyat Master'!A$6:M$30, 8, FALSE), 10>=IFERROR(VLOOKUP(C11, 'Birim Fiyat Master'!A$6:M$30, 7, FALSE), 99), VLOOKUP(C11, 'Birim Fiyat Master'!A$6:M$30, 6, FALSE), TRUE, VLOOKUP(C11, 'Birim Fiyat Master'!A$6:M$30, 4, FALSE))), VLOOKUP(C11, 'Birim Fiyat Master'!A$6:M$30, 4, FALSE)) | AV11: =AS11*AU11 | AX11: =AT11+AW11 | AY11: =IFERROR(IF(C11="", "", _xludf.IFS(11>=IFERROR(VLOOKUP(C11, 'Birim Fiyat Master'!A$6:M$30, 13, FALSE), 99), VLOOKUP(C11, 'Birim Fiyat Master'!A$6:M$30, 12, FALSE), 11>=IFERROR(VLOOKUP(C11, 'Birim Fiyat Master'!A$6:M$30, 11, FALSE), 99), VLOOKUP(C11, 'Birim Fiyat Master'!A$6:M$30, 10, FALSE), 11>=IFERROR(VLOOKUP(C11, 'Birim Fiyat Master'!A$6:M$30, 9, FALSE), 99), VLOOKUP(C11, 'Birim Fiyat Master'!A$6:M$30, 8, FALSE), 11>=IFERROR(VLOOKUP(C11, 'Birim Fiyat Master'!A$6:M$30, 7, FALSE), 99), VLOOKUP(C11, 'Birim Fiyat Master'!A$6:M$30, 6, FALSE), TRUE, VLOOKUP(C11, 'Birim Fiyat Master'!A$6:M$30, 4, FALSE))), VLOOKUP(C11, 'Birim Fiyat Master'!A$6:M$30, 4, FALSE)) | AZ11: =AW11*AY11 | BB11: =AX11+BA11 | BC11: =IFERROR(IF(C11="", "", _xludf.IFS(12>=IFERROR(VLOOKUP(C11, 'Birim Fiyat Master'!A$6:M$30, 13, FALSE), 99), VLOOKUP(C11, 'Birim Fiyat Master'!A$6:M$30, 12, FALSE), 12>=IFERROR(VLOOKUP(C11, 'Birim Fiyat Master'!A$6:M$30, 11, FALSE), 99), VLOOKUP(C11, 'Birim Fiyat Master'!A$6:M$30, 10, FALSE), 12>=IFERROR(VLOOKUP(C11, 'Birim Fiyat Master'!A$6:M$30, 9, FALSE), 99), VLOOKUP(C11, 'Birim Fiyat Master'!A$6:M$30, 8, FALSE), 12>=IFERROR(VLOOKUP(C11, 'Birim Fiyat Master'!A$6:M$30, 7, FALSE), 99), VLOOKUP(C11, 'Birim Fiyat Master'!A$6:M$30, 6, FALSE), TRUE, VLOOKUP(C11, 'Birim Fiyat Master'!A$6:M$30, 4, FALSE))), VLOOKUP(C11, 'Birim Fiyat Master'!A$6:M$30, 4, FALSE)) | BD11: =BA11*BC11 | BF11: =BB11+BE11 | BG11: =IFERROR(IF(C11="", "", _xludf.IFS(13>=IFERROR(VLOOKUP(C11, 'Birim Fiyat Master'!A$6:M$30, 13, FALSE), 99), VLOOKUP(C11, 'Birim Fiyat Master'!A$6:M$30, 12, FALSE), 13>=IFERROR(VLOOKUP(C11, 'Birim Fiyat Master'!A$6:M$30, 11, FALSE), 99), VLOOKUP(C11, 'Birim Fiyat Master'!A$6:M$30, 10, FALSE), 13>=IFERROR(VLOOKUP(C11, 'Birim Fiyat Master'!A$6:M$30, 9, FALSE), 99), VLOOKUP(C11, 'Birim Fiyat Master'!A$6:M$30, 8, FALSE), 13>=IFERROR(VLOOKUP(C11, 'Birim Fiyat Master'!A$6:M$30, 7, FALSE), 99), VLOOKUP(C11, 'Birim Fiyat Master'!A$6:M$30, 6, FALSE), TRUE, VLOOKUP(C11, 'Birim Fiyat Master'!A$6:M$30, 4, FALSE))), VLOOKUP(C11, 'Birim Fiyat Master'!A$6:M$30, 4, FALSE)) | BH11: =BE11*BG11 | BJ11: =BF11+BI11 | BK11: =IFERROR(IF(C11="", "", _xludf.IFS(14>=IFERROR(VLOOKUP(C11, 'Birim Fiyat Master'!A$6:M$30, 13, FALSE), 99), VLOOKUP(C11, 'Birim Fiyat Master'!A$6:M$30, 12, FALSE), 14>=IFERROR(VLOOKUP(C11, 'Birim Fiyat Master'!A$6:M$30, 11, FALSE), 99), VLOOKUP(C11, 'Birim Fiyat Master'!A$6:M$30, 10, FALSE), 14>=IFERROR(VLOOKUP(C11, 'Birim Fiyat Master'!A$6:M$30, 9, FALSE), 99), VLOOKUP(C11, 'Birim Fiyat Master'!A$6:M$30, 8, FALSE), 14>=IFERROR(VLOOKUP(C11, 'Birim Fiyat Master'!A$6:M$30, 7, FALSE), 99), VLOOKUP(C11, 'Birim Fiyat Master'!A$6:M$30, 6, FALSE), TRUE, VLOOKUP(C11, 'Birim Fiyat Master'!A$6:M$30, 4, FALSE))), VLOOKUP(C11, 'Birim Fiyat Master'!A$6:M$30, 4, FALSE)) | BL11: =BI11*BK11 | BN11: =BJ11+BM11 | BO11: =IFERROR(IF(C11="", "", _xludf.IFS(15>=IFERROR(VLOOKUP(C11, 'Birim Fiyat Master'!A$6:M$30, 13, FALSE), 99), VLOOKUP(C11, 'Birim Fiyat Master'!A$6:M$30, 12, FALSE), 15>=IFERROR(VLOOKUP(C11, 'Birim Fiyat Master'!A$6:M$30, 11, FALSE), 99), VLOOKUP(C11, 'Birim Fiyat Master'!A$6:M$30, 10, FALSE), 15>=IFERROR(VLOOKUP(C11, 'Birim Fiyat Master'!A$6:M$30, 9, FALSE), 99), VLOOKUP(C11, 'Birim Fiyat Master'!A$6:M$30, 8, FALSE), 15>=IFERROR(VLOOKUP(C11, 'Birim Fiyat Master'!A$6:M$30, 7, FALSE), 99), VLOOKUP(C11, 'Birim Fiyat Master'!A$6:M$30, 6, FALSE), TRUE, VLOOKUP(C11, 'Birim Fiyat Master'!A$6:M$30, 4, FALSE))), VLOOKUP(C11, 'Birim Fiyat Master'!A$6:M$30, 4, FALSE)) | BP11: =BM11*BO11
D12: =IFERROR(VLOOKUP(C12, 'Birim Fiyat Master'!A$6:M$30, 2, FALSE), "") | E12: =IFERROR(VLOOKUP(C12, 'Birim Fiyat Master'!A$6:M$30, 3, FALSE), "") | G12: =F12-BM12 | J12: =H12+I12 | K12: =IFERROR(IF(C12="", "", _xludf.IFS(1>=IFERROR(VLOOKUP(C12, 'Birim Fiyat Master'!A$6:M$30, 13, FALSE), 99), VLOOKUP(C12, 'Birim Fiyat Master'!A$6:M$30, 12, FALSE), 1>=IFERROR(VLOOKUP(C12, 'Birim Fiyat Master'!A$6:M$30, 11, FALSE), 99), VLOOKUP(C12, 'Birim Fiyat Master'!A$6:M$30, 10, FALSE), 1>=IFERROR(VLOOKUP(C12, 'Birim Fiyat Master'!A$6:M$30, 9, FALSE), 99), VLOOKUP(C12, 'Birim Fiyat Master'!A$6:M$30, 8, FALSE), 1>=IFERROR(VLOOKUP(C12, 'Birim Fiyat Master'!A$6:M$30, 7, FALSE), 99), VLOOKUP(C12, 'Birim Fiyat Master'!A$6:M$30, 6, FALSE), TRUE, VLOOKUP(C12, 'Birim Fiyat Master'!A$6:M$30, 4, FALSE))), VLOOKUP(C12, 'Birim Fiyat Master'!A$6:M$30, 4, FALSE)) | L12: =I12*K12 | N12: =J12+M12 | O12: =IFERROR(IF(C12="", "", _xludf.IFS(2>=IFERROR(VLOOKUP(C12, 'Birim Fiyat Master'!A$6:M$30, 13, FALSE), 99), VLOOKUP(C12, 'Birim Fiyat Master'!A$6:M$30, 12, FALSE), 2>=IFERROR(VLOOKUP(C12, 'Birim Fiyat Master'!A$6:M$30, 11, FALSE), 99), VLOOKUP(C12, 'Birim Fiyat Master'!A$6:M$30, 10, FALSE), 2>=IFERROR(VLOOKUP(C12, 'Birim Fiyat Master'!A$6:M$30, 9, FALSE), 99), VLOOKUP(C12, 'Birim Fiyat Master'!A$6:M$30, 8, FALSE), 2>=IFERROR(VLOOKUP(C12, 'Birim Fiyat Master'!A$6:M$30, 7, FALSE), 99), VLOOKUP(C12, 'Birim Fiyat Master'!A$6:M$30, 6, FALSE), TRUE, VLOOKUP(C12, 'Birim Fiyat Master'!A$6:M$30, 4, FALSE))), VLOOKUP(C12, 'Birim Fiyat Master'!A$6:M$30, 4, FALSE)) | P12: =M12*O12 | R12: =N12+Q12 | S12: =IFERROR(IF(C12="", "", _xludf.IFS(3>=IFERROR(VLOOKUP(C12, 'Birim Fiyat Master'!A$6:M$30, 13, FALSE), 99), VLOOKUP(C12, 'Birim Fiyat Master'!A$6:M$30, 12, FALSE), 3>=IFERROR(VLOOKUP(C12, 'Birim Fiyat Master'!A$6:M$30, 11, FALSE), 99), VLOOKUP(C12, 'Birim Fiyat Master'!A$6:M$30, 10, FALSE), 3>=IFERROR(VLOOKUP(C12, 'Birim Fiyat Master'!A$6:M$30, 9, FALSE), 99), VLOOKUP(C12, 'Birim Fiyat Master'!A$6:M$30, 8, FALSE), 3>=IFERROR(VLOOKUP(C12, 'Birim Fiyat Master'!A$6:M$30, 7, FALSE), 99), VLOOKUP(C12, 'Birim Fiyat Master'!A$6:M$30, 6, FALSE), TRUE, VLOOKUP(C12, 'Birim Fiyat Master'!A$6:M$30, 4, FALSE))), VLOOKUP(C12, 'Birim Fiyat Master'!A$6:M$30, 4, FALSE)) | T12: =Q12*S12 | V12: =R12+U12 | W12: =IFERROR(IF(C12="", "", _xludf.IFS(4>=IFERROR(VLOOKUP(C12, 'Birim Fiyat Master'!A$6:M$30, 13, FALSE), 99), VLOOKUP(C12, 'Birim Fiyat Master'!A$6:M$30, 12, FALSE), 4>=IFERROR(VLOOKUP(C12, 'Birim Fiyat Master'!A$6:M$30, 11, FALSE), 99), VLOOKUP(C12, 'Birim Fiyat Master'!A$6:M$30, 10, FALSE), 4>=IFERROR(VLOOKUP(C12, 'Birim Fiyat Master'!A$6:M$30, 9, FALSE), 99), VLOOKUP(C12, 'Birim Fiyat Master'!A$6:M$30, 8, FALSE), 4>=IFERROR(VLOOKUP(C12, 'Birim Fiyat Master'!A$6:M$30, 7, FALSE), 99), VLOOKUP(C12, 'Birim Fiyat Master'!A$6:M$30, 6, FALSE), TRUE, VLOOKUP(C12, 'Birim Fiyat Master'!A$6:M$30, 4, FALSE))), VLOOKUP(C12, 'Birim Fiyat Master'!A$6:M$30, 4, FALSE)) | X12: =U12*W12 | Z12: =V12+Y12 | AA12: =IFERROR(IF(C12="", "", _xludf.IFS(5>=IFERROR(VLOOKUP(C12, 'Birim Fiyat Master'!A$6:M$30, 13, FALSE), 99), VLOOKUP(C12, 'Birim Fiyat Master'!A$6:M$30, 12, FALSE), 5>=IFERROR(VLOOKUP(C12, 'Birim Fiyat Master'!A$6:M$30, 11, FALSE), 99), VLOOKUP(C12, 'Birim Fiyat Master'!A$6:M$30, 10, FALSE), 5>=IFERROR(VLOOKUP(C12, 'Birim Fiyat Master'!A$6:M$30, 9, FALSE), 99), VLOOKUP(C12, 'Birim Fiyat Master'!A$6:M$30, 8, FALSE), 5>=IFERROR(VLOOKUP(C12, 'Birim Fiyat Master'!A$6:M$30, 7, FALSE), 99), VLOOKUP(C12, 'Birim Fiyat Master'!A$6:M$30, 6, FALSE), TRUE, VLOOKUP(C12, 'Birim Fiyat Master'!A$6:M$30, 4, FALSE))), VLOOKUP(C12, 'Birim Fiyat Master'!A$6:M$30, 4, FALSE)) | AB12: =Y12*AA12 | AD12: =Z12+AC12 | AE12: =IFERROR(IF(C12="", "", _xludf.IFS(6>=IFERROR(VLOOKUP(C12, 'Birim Fiyat Master'!A$6:M$30, 13, FALSE), 99), VLOOKUP(C12, 'Birim Fiyat Master'!A$6:M$30, 12, FALSE), 6>=IFERROR(VLOOKUP(C12, 'Birim Fiyat Master'!A$6:M$30, 11, FALSE), 99), VLOOKUP(C12, 'Birim Fiyat Master'!A$6:M$30, 10, FALSE), 6>=IFERROR(VLOOKUP(C12, 'Birim Fiyat Master'!A$6:M$30, 9, FALSE), 99), VLOOKUP(C12, 'Birim Fiyat Master'!A$6:M$30, 8, FALSE), 6>=IFERROR(VLOOKUP(C12, 'Birim Fiyat Master'!A$6:M$30, 7, FALSE), 99), VLOOKUP(C12, 'Birim Fiyat Master'!A$6:M$30, 6, FALSE), TRUE, VLOOKUP(C12, 'Birim Fiyat Master'!A$6:M$30, 4, FALSE))), VLOOKUP(C12, 'Birim Fiyat Master'!A$6:M$30, 4, FALSE)) | AF12: =AC12*AE12 | AH12: =AD12+AG12 | AI12: =IFERROR(IF(C12="", "", _xludf.IFS(7>=IFERROR(VLOOKUP(C12, 'Birim Fiyat Master'!A$6:M$30, 13, FALSE), 99), VLOOKUP(C12, 'Birim Fiyat Master'!A$6:M$30, 12, FALSE), 7>=IFERROR(VLOOKUP(C12, 'Birim Fiyat Master'!A$6:M$30, 11, FALSE), 99), VLOOKUP(C12, 'Birim Fiyat Master'!A$6:M$30, 10, FALSE), 7>=IFERROR(VLOOKUP(C12, 'Birim Fiyat Master'!A$6:M$30, 9, FALSE), 99), VLOOKUP(C12, 'Birim Fiyat Master'!A$6:M$30, 8, FALSE), 7>=IFERROR(VLOOKUP(C12, 'Birim Fiyat Master'!A$6:M$30, 7, FALSE), 99), VLOOKUP(C12, 'Birim Fiyat Master'!A$6:M$30, 6, FALSE), TRUE, VLOOKUP(C12, 'Birim Fiyat Master'!A$6:M$30, 4, FALSE))), VLOOKUP(C12, 'Birim Fiyat Master'!A$6:M$30, 4, FALSE)) | AJ12: =AG12*AI12 | AL12: =AH12+AK12 | AM12: =IFERROR(IF(C12="", "", _xludf.IFS(8>=IFERROR(VLOOKUP(C12, 'Birim Fiyat Master'!A$6:M$30, 13, FALSE), 99), VLOOKUP(C12, 'Birim Fiyat Master'!A$6:M$30, 12, FALSE), 8>=IFERROR(VLOOKUP(C12, 'Birim Fiyat Master'!A$6:M$30, 11, FALSE), 99), VLOOKUP(C12, 'Birim Fiyat Master'!A$6:M$30, 10, FALSE), 8>=IFERROR(VLOOKUP(C12, 'Birim Fiyat Master'!A$6:M$30, 9, FALSE), 99), VLOOKUP(C12, 'Birim Fiyat Master'!A$6:M$30, 8, FALSE), 8>=IFERROR(VLOOKUP(C12, 'Birim Fiyat Master'!A$6:M$30, 7, FALSE), 99), VLOOKUP(C12, 'Birim Fiyat Master'!A$6:M$30, 6, FALSE), TRUE, VLOOKUP(C12, 'Birim Fiyat Master'!A$6:M$30, 4, FALSE))), VLOOKUP(C12, 'Birim Fiyat Master'!A$6:M$30, 4, FALSE)) | AN12: =AK12*AM12 | AP12: =AL12+AO12 | AQ12: =IFERROR(IF(C12="", "", _xludf.IFS(9>=IFERROR(VLOOKUP(C12, 'Birim Fiyat Master'!A$6:M$30, 13, FALSE), 99), VLOOKUP(C12, 'Birim Fiyat Master'!A$6:M$30, 12, FALSE), 9>=IFERROR(VLOOKUP(C12, 'Birim Fiyat Master'!A$6:M$30, 11, FALSE), 99), VLOOKUP(C12, 'Birim Fiyat Master'!A$6:M$30, 10, FALSE), 9>=IFERROR(VLOOKUP(C12, 'Birim Fiyat Master'!A$6:M$30, 9, FALSE), 99), VLOOKUP(C12, 'Birim Fiyat Master'!A$6:M$30, 8, FALSE), 9>=IFERROR(VLOOKUP(C12, 'Birim Fiyat Master'!A$6:M$30, 7, FALSE), 99), VLOOKUP(C12, 'Birim Fiyat Master'!A$6:M$30, 6, FALSE), TRUE, VLOOKUP(C12, 'Birim Fiyat Master'!A$6:M$30, 4, FALSE))), VLOOKUP(C12, 'Birim Fiyat Master'!A$6:M$30, 4, FALSE)) | AR12: =AO12*AQ12 | AT12: =AP12+AS12 | AU12: =IFERROR(IF(C12="", "", _xludf.IFS(10>=IFERROR(VLOOKUP(C12, 'Birim Fiyat Master'!A$6:M$30, 13, FALSE), 99), VLOOKUP(C12, 'Birim Fiyat Master'!A$6:M$30, 12, FALSE), 10>=IFERROR(VLOOKUP(C12, 'Birim Fiyat Master'!A$6:M$30, 11, FALSE), 99), VLOOKUP(C12, 'Birim Fiyat Master'!A$6:M$30, 10, FALSE), 10>=IFERROR(VLOOKUP(C12, 'Birim Fiyat Master'!A$6:M$30, 9, FALSE), 99), VLOOKUP(C12, 'Birim Fiyat Master'!A$6:M$30, 8, FALSE), 10>=IFERROR(VLOOKUP(C12, 'Birim Fiyat Master'!A$6:M$30, 7, FALSE), 99), VLOOKUP(C12, 'Birim Fiyat Master'!A$6:M$30, 6, FALSE), TRUE, VLOOKUP(C12, 'Birim Fiyat Master'!A$6:M$30, 4, FALSE))), VLOOKUP(C12, 'Birim Fiyat Master'!A$6:M$30, 4, FALSE)) | AV12: =AS12*AU12 | AX12: =AT12+AW12 | AY12: =IFERROR(IF(C12="", "", _xludf.IFS(11>=IFERROR(VLOOKUP(C12, 'Birim Fiyat Master'!A$6:M$30, 13, FALSE), 99), VLOOKUP(C12, 'Birim Fiyat Master'!A$6:M$30, 12, FALSE), 11>=IFERROR(VLOOKUP(C12, 'Birim Fiyat Master'!A$6:M$30, 11, FALSE), 99), VLOOKUP(C12, 'Birim Fiyat Master'!A$6:M$30, 10, FALSE), 11>=IFERROR(VLOOKUP(C12, 'Birim Fiyat Master'!A$6:M$30, 9, FALSE), 99), VLOOKUP(C12, 'Birim Fiyat Master'!A$6:M$30, 8, FALSE), 11>=IFERROR(VLOOKUP(C12, 'Birim Fiyat Master'!A$6:M$30, 7, FALSE), 99), VLOOKUP(C12, 'Birim Fiyat Master'!A$6:M$30, 6, FALSE), TRUE, VLOOKUP(C12, 'Birim Fiyat Master'!A$6:M$30, 4, FALSE))), VLOOKUP(C12, 'Birim Fiyat Master'!A$6:M$30, 4, FALSE)) | AZ12: =AW12*AY12 | BB12: =AX12+BA12 | BC12: =IFERROR(IF(C12="", "", _xludf.IFS(12>=IFERROR(VLOOKUP(C12, 'Birim Fiyat Master'!A$6:M$30, 13, FALSE), 99), VLOOKUP(C12, 'Birim Fiyat Master'!A$6:M$30, 12, FALSE), 12>=IFERROR(VLOOKUP(C12, 'Birim Fiyat Master'!A$6:M$30, 11, FALSE), 99), VLOOKUP(C12, 'Birim Fiyat Master'!A$6:M$30, 10, FALSE), 12>=IFERROR(VLOOKUP(C12, 'Birim Fiyat Master'!A$6:M$30, 9, FALSE), 99), VLOOKUP(C12, 'Birim Fiyat Master'!A$6:M$30, 8, FALSE), 12>=IFERROR(VLOOKUP(C12, 'Birim Fiyat Master'!A$6:M$30, 7, FALSE), 99), VLOOKUP(C12, 'Birim Fiyat Master'!A$6:M$30, 6, FALSE), TRUE, VLOOKUP(C12, 'Birim Fiyat Master'!A$6:M$30, 4, FALSE))), VLOOKUP(C12, 'Birim Fiyat Master'!A$6:M$30, 4, FALSE)) | BD12: =BA12*BC12 | BF12: =BB12+BE12 | BG12: =IFERROR(IF(C12="", "", _xludf.IFS(13>=IFERROR(VLOOKUP(C12, 'Birim Fiyat Master'!A$6:M$30, 13, FALSE), 99), VLOOKUP(C12, 'Birim Fiyat Master'!A$6:M$30, 12, FALSE), 13>=IFERROR(VLOOKUP(C12, 'Birim Fiyat Master'!A$6:M$30, 11, FALSE), 99), VLOOKUP(C12, 'Birim Fiyat Master'!A$6:M$30, 10, FALSE), 13>=IFERROR(VLOOKUP(C12, 'Birim Fiyat Master'!A$6:M$30, 9, FALSE), 99), VLOOKUP(C12, 'Birim Fiyat Master'!A$6:M$30, 8, FALSE), 13>=IFERROR(VLOOKUP(C12, 'Birim Fiyat Master'!A$6:M$30, 7, FALSE), 99), VLOOKUP(C12, 'Birim Fiyat Master'!A$6:M$30, 6, FALSE), TRUE, VLOOKUP(C12, 'Birim Fiyat Master'!A$6:M$30, 4, FALSE))), VLOOKUP(C12, 'Birim Fiyat Master'!A$6:M$30, 4, FALSE)) | BH12: =BE12*BG12 | BJ12: =BF12+BI12 | BK12: =IFERROR(IF(C12="", "", _xludf.IFS(14>=IFERROR(VLOOKUP(C12, 'Birim Fiyat Master'!A$6:M$30, 13, FALSE), 99), VLOOKUP(C12, 'Birim Fiyat Master'!A$6:M$30, 12, FALSE), 14>=IFERROR(VLOOKUP(C12, 'Birim Fiyat Master'!A$6:M$30, 11, FALSE), 99), VLOOKUP(C12, 'Birim Fiyat Master'!A$6:M$30, 10, FALSE), 14>=IFERROR(VLOOKUP(C12, 'Birim Fiyat Master'!A$6:M$30, 9, FALSE), 99), VLOOKUP(C12, 'Birim Fiyat Master'!A$6:M$30, 8, FALSE), 14>=IFERROR(VLOOKUP(C12, 'Birim Fiyat Master'!A$6:M$30, 7, FALSE), 99), VLOOKUP(C12, 'Birim Fiyat Master'!A$6:M$30, 6, FALSE), TRUE, VLOOKUP(C12, 'Birim Fiyat Master'!A$6:M$30, 4, FALSE))), VLOOKUP(C12, 'Birim Fiyat Master'!A$6:M$30, 4, FALSE)) | BL12: =BI12*BK12 | BN12: =BJ12+BM12 | BO12: =IFERROR(IF(C12="", "", _xludf.IFS(15>=IFERROR(VLOOKUP(C12, 'Birim Fiyat Master'!A$6:M$30, 13, FALSE), 99), VLOOKUP(C12, 'Birim Fiyat Master'!A$6:M$30, 12, FALSE), 15>=IFERROR(VLOOKUP(C12, 'Birim Fiyat Master'!A$6:M$30, 11, FALSE), 99), VLOOKUP(C12, 'Birim Fiyat Master'!A$6:M$30, 10, FALSE), 15>=IFERROR(VLOOKUP(C12, 'Birim Fiyat Master'!A$6:M$30, 9, FALSE), 99), VLOOKUP(C12, 'Birim Fiyat Master'!A$6:M$30, 8, FALSE), 15>=IFERROR(VLOOKUP(C12, 'Birim Fiyat Master'!A$6:M$30, 7, FALSE), 99), VLOOKUP(C12, 'Birim Fiyat Master'!A$6:M$30, 6, FALSE), TRUE, VLOOKUP(C12, 'Birim Fiyat Master'!A$6:M$30, 4, FALSE))), VLOOKUP(C12, 'Birim Fiyat Master'!A$6:M$30, 4, FALSE)) | BP12: =BM12*BO12
D13: =IFERROR(VLOOKUP(C13, 'Birim Fiyat Master'!A$6:M$30, 2, FALSE), "") | E13: =IFERROR(VLOOKUP(C13, 'Birim Fiyat Master'!A$6:M$30, 3, FALSE), "") | G13: =F13-BM13 | J13: =H13+I13 | K13: =IFERROR(IF(C13="", "", _xludf.IFS(1>=IFERROR(VLOOKUP(C13, 'Birim Fiyat Master'!A$6:M$30, 13, FALSE), 99), VLOOKUP(C13, 'Birim Fiyat Master'!A$6:M$30, 12, FALSE), 1>=IFERROR(VLOOKUP(C13, 'Birim Fiyat Master'!A$6:M$30, 11, FALSE), 99), VLOOKUP(C13, 'Birim Fiyat Master'!A$6:M$30, 10, FALSE), 1>=IFERROR(VLOOKUP(C13, 'Birim Fiyat Master'!A$6:M$30, 9, FALSE), 99), VLOOKUP(C13, 'Birim Fiyat Master'!A$6:M$30, 8, FALSE), 1>=IFERROR(VLOOKUP(C13, 'Birim Fiyat Master'!A$6:M$30, 7, FALSE), 99), VLOOKUP(C13, 'Birim Fiyat Master'!A$6:M$30, 6, FALSE), TRUE, VLOOKUP(C13, 'Birim Fiyat Master'!A$6:M$30, 4, FALSE))), VLOOKUP(C13, 'Birim Fiyat Master'!A$6:M$30, 4, FALSE)) | L13: =I13*K13 | N13: =J13+M13 | O13: =IFERROR(IF(C13="", "", _xludf.IFS(2>=IFERROR(VLOOKUP(C13, 'Birim Fiyat Master'!A$6:M$30, 13, FALSE), 99), VLOOKUP(C13, 'Birim Fiyat Master'!A$6:M$30, 12, FALSE), 2>=IFERROR(VLOOKUP(C13, 'Birim Fiyat Master'!A$6:M$30, 11, FALSE), 99), VLOOKUP(C13, 'Birim Fiyat Master'!A$6:M$30, 10, FALSE), 2>=IFERROR(VLOOKUP(C13, 'Birim Fiyat Master'!A$6:M$30, 9, FALSE), 99), VLOOKUP(C13, 'Birim Fiyat Master'!A$6:M$30, 8, FALSE), 2>=IFERROR(VLOOKUP(C13, 'Birim Fiyat Master'!A$6:M$30, 7, FALSE), 99), VLOOKUP(C13, 'Birim Fiyat Master'!A$6:M$30, 6, FALSE), TRUE, VLOOKUP(C13, 'Birim Fiyat Master'!A$6:M$30, 4, FALSE))), VLOOKUP(C13, 'Birim Fiyat Master'!A$6:M$30, 4, FALSE)) | P13: =M13*O13 | R13: =N13+Q13 | S13: =IFERROR(IF(C13="", "", _xludf.IFS(3>=IFERROR(VLOOKUP(C13, 'Birim Fiyat Master'!A$6:M$30, 13, FALSE), 99), VLOOKUP(C13, 'Birim Fiyat Master'!A$6:M$30, 12, FALSE), 3>=IFERROR(VLOOKUP(C13, 'Birim Fiyat Master'!A$6:M$30, 11, FALSE), 99), VLOOKUP(C13, 'Birim Fiyat Master'!A$6:M$30, 10, FALSE), 3>=IFERROR(VLOOKUP(C13, 'Birim Fiyat Master'!A$6:M$30, 9, FALSE), 99), VLOOKUP(C13, 'Birim Fiyat Master'!A$6:M$30, 8, FALSE), 3>=IFERROR(VLOOKUP(C13, 'Birim Fiyat Master'!A$6:M$30, 7, FALSE), 99), VLOOKUP(C13, 'Birim Fiyat Master'!A$6:M$30, 6, FALSE), TRUE, VLOOKUP(C13, 'Birim Fiyat Master'!A$6:M$30, 4, FALSE))), VLOOKUP(C13, 'Birim Fiyat Master'!A$6:M$30, 4, FALSE)) | T13: =Q13*S13 | V13: =R13+U13 | W13: =IFERROR(IF(C13="", "", _xludf.IFS(4>=IFERROR(VLOOKUP(C13, 'Birim Fiyat Master'!A$6:M$30, 13, FALSE), 99), VLOOKUP(C13, 'Birim Fiyat Master'!A$6:M$30, 12, FALSE), 4>=IFERROR(VLOOKUP(C13, 'Birim Fiyat Master'!A$6:M$30, 11, FALSE), 99), VLOOKUP(C13, 'Birim Fiyat Master'!A$6:M$30, 10, FALSE), 4>=IFERROR(VLOOKUP(C13, 'Birim Fiyat Master'!A$6:M$30, 9, FALSE), 99), VLOOKUP(C13, 'Birim Fiyat Master'!A$6:M$30, 8, FALSE), 4>=IFERROR(VLOOKUP(C13, 'Birim Fiyat Master'!A$6:M$30, 7, FALSE), 99), VLOOKUP(C13, 'Birim Fiyat Master'!A$6:M$30, 6, FALSE), TRUE, VLOOKUP(C13, 'Birim Fiyat Master'!A$6:M$30, 4, FALSE))), VLOOKUP(C13, 'Birim Fiyat Master'!A$6:M$30, 4, FALSE)) | X13: =U13*W13 | Z13: =V13+Y13 | AA13: =IFERROR(IF(C13="", "", _xludf.IFS(5>=IFERROR(VLOOKUP(C13, 'Birim Fiyat Master'!A$6:M$30, 13, FALSE), 99), VLOOKUP(C13, 'Birim Fiyat Master'!A$6:M$30, 12, FALSE), 5>=IFERROR(VLOOKUP(C13, 'Birim Fiyat Master'!A$6:M$30, 11, FALSE), 99), VLOOKUP(C13, 'Birim Fiyat Master'!A$6:M$30, 10, FALSE), 5>=IFERROR(VLOOKUP(C13, 'Birim Fiyat Master'!A$6:M$30, 9, FALSE), 99), VLOOKUP(C13, 'Birim Fiyat Master'!A$6:M$30, 8, FALSE), 5>=IFERROR(VLOOKUP(C13, 'Birim Fiyat Master'!A$6:M$30, 7, FALSE), 99), VLOOKUP(C13, 'Birim Fiyat Master'!A$6:M$30, 6, FALSE), TRUE, VLOOKUP(C13, 'Birim Fiyat Master'!A$6:M$30, 4, FALSE))), VLOOKUP(C13, 'Birim Fiyat Master'!A$6:M$30, 4, FALSE)) | AB13: =Y13*AA13 | AD13: =Z13+AC13 | AE13: =IFERROR(IF(C13="", "", _xludf.IFS(6>=IFERROR(VLOOKUP(C13, 'Birim Fiyat Master'!A$6:M$30, 13, FALSE), 99), VLOOKUP(C13, 'Birim Fiyat Master'!A$6:M$30, 12, FALSE), 6>=IFERROR(VLOOKUP(C13, 'Birim Fiyat Master'!A$6:M$30, 11, FALSE), 99), VLOOKUP(C13, 'Birim Fiyat Master'!A$6:M$30, 10, FALSE), 6>=IFERROR(VLOOKUP(C13, 'Birim Fiyat Master'!A$6:M$30, 9, FALSE), 99), VLOOKUP(C13, 'Birim Fiyat Master'!A$6:M$30, 8, FALSE), 6>=IFERROR(VLOOKUP(C13, 'Birim Fiyat Master'!A$6:M$30, 7, FALSE), 99), VLOOKUP(C13, 'Birim Fiyat Master'!A$6:M$30, 6, FALSE), TRUE, VLOOKUP(C13, 'Birim Fiyat Master'!A$6:M$30, 4, FALSE))), VLOOKUP(C13, 'Birim Fiyat Master'!A$6:M$30, 4, FALSE)) | AF13: =AC13*AE13 | AH13: =AD13+AG13 | AI13: =IFERROR(IF(C13="", "", _xludf.IFS(7>=IFERROR(VLOOKUP(C13, 'Birim Fiyat Master'!A$6:M$30, 13, FALSE), 99), VLOOKUP(C13, 'Birim Fiyat Master'!A$6:M$30, 12, FALSE), 7>=IFERROR(VLOOKUP(C13, 'Birim Fiyat Master'!A$6:M$30, 11, FALSE), 99), VLOOKUP(C13, 'Birim Fiyat Master'!A$6:M$30, 10, FALSE), 7>=IFERROR(VLOOKUP(C13, 'Birim Fiyat Master'!A$6:M$30, 9, FALSE), 99), VLOOKUP(C13, 'Birim Fiyat Master'!A$6:M$30, 8, FALSE), 7>=IFERROR(VLOOKUP(C13, 'Birim Fiyat Master'!A$6:M$30, 7, FALSE), 99), VLOOKUP(C13, 'Birim Fiyat Master'!A$6:M$30, 6, FALSE), TRUE, VLOOKUP(C13, 'Birim Fiyat Master'!A$6:M$30, 4, FALSE))), VLOOKUP(C13, 'Birim Fiyat Master'!A$6:M$30, 4, FALSE)) | AJ13: =AG13*AI13 | AL13: =AH13+AK13 | AM13: =IFERROR(IF(C13="", "", _xludf.IFS(8>=IFERROR(VLOOKUP(C13, 'Birim Fiyat Master'!A$6:M$30, 13, FALSE), 99), VLOOKUP(C13, 'Birim Fiyat Master'!A$6:M$30, 12, FALSE), 8>=IFERROR(VLOOKUP(C13, 'Birim Fiyat Master'!A$6:M$30, 11, FALSE), 99), VLOOKUP(C13, 'Birim Fiyat Master'!A$6:M$30, 10, FALSE), 8>=IFERROR(VLOOKUP(C13, 'Birim Fiyat Master'!A$6:M$30, 9, FALSE), 99), VLOOKUP(C13, 'Birim Fiyat Master'!A$6:M$30, 8, FALSE), 8>=IFERROR(VLOOKUP(C13, 'Birim Fiyat Master'!A$6:M$30, 7, FALSE), 99), VLOOKUP(C13, 'Birim Fiyat Master'!A$6:M$30, 6, FALSE), TRUE, VLOOKUP(C13, 'Birim Fiyat Master'!A$6:M$30, 4, FALSE))), VLOOKUP(C13, 'Birim Fiyat Master'!A$6:M$30, 4, FALSE)) | AN13: =AK13*AM13 | AP13: =AL13+AO13 | AQ13: =IFERROR(IF(C13="", "", _xludf.IFS(9>=IFERROR(VLOOKUP(C13, 'Birim Fiyat Master'!A$6:M$30, 13, FALSE), 99), VLOOKUP(C13, 'Birim Fiyat Master'!A$6:M$30, 12, FALSE), 9>=IFERROR(VLOOKUP(C13, 'Birim Fiyat Master'!A$6:M$30, 11, FALSE), 99), VLOOKUP(C13, 'Birim Fiyat Master'!A$6:M$30, 10, FALSE), 9>=IFERROR(VLOOKUP(C13, 'Birim Fiyat Master'!A$6:M$30, 9, FALSE), 99), VLOOKUP(C13, 'Birim Fiyat Master'!A$6:M$30, 8, FALSE), 9>=IFERROR(VLOOKUP(C13, 'Birim Fiyat Master'!A$6:M$30, 7, FALSE), 99), VLOOKUP(C13, 'Birim Fiyat Master'!A$6:M$30, 6, FALSE), TRUE, VLOOKUP(C13, 'Birim Fiyat Master'!A$6:M$30, 4, FALSE))), VLOOKUP(C13, 'Birim Fiyat Master'!A$6:M$30, 4, FALSE)) | AR13: =AO13*AQ13 | AT13: =AP13+AS13 | AU13: =IFERROR(IF(C13="", "", _xludf.IFS(10>=IFERROR(VLOOKUP(C13, 'Birim Fiyat Master'!A$6:M$30, 13, FALSE), 99), VLOOKUP(C13, 'Birim Fiyat Master'!A$6:M$30, 12, FALSE), 10>=IFERROR(VLOOKUP(C13, 'Birim Fiyat Master'!A$6:M$30, 11, FALSE), 99), VLOOKUP(C13, 'Birim Fiyat Master'!A$6:M$30, 10, FALSE), 10>=IFERROR(VLOOKUP(C13, 'Birim Fiyat Master'!A$6:M$30, 9, FALSE), 99), VLOOKUP(C13, 'Birim Fiyat Master'!A$6:M$30, 8, FALSE), 10>=IFERROR(VLOOKUP(C13, 'Birim Fiyat Master'!A$6:M$30, 7, FALSE), 99), VLOOKUP(C13, 'Birim Fiyat Master'!A$6:M$30, 6, FALSE), TRUE, VLOOKUP(C13, 'Birim Fiyat Master'!A$6:M$30, 4, FALSE))), VLOOKUP(C13, 'Birim Fiyat Master'!A$6:M$30, 4, FALSE)) | AV13: =AS13*AU13 | AX13: =AT13+AW13 | AY13: =IFERROR(IF(C13="", "", _xludf.IFS(11>=IFERROR(VLOOKUP(C13, 'Birim Fiyat Master'!A$6:M$30, 13, FALSE), 99), VLOOKUP(C13, 'Birim Fiyat Master'!A$6:M$30, 12, FALSE), 11>=IFERROR(VLOOKUP(C13, 'Birim Fiyat Master'!A$6:M$30, 11, FALSE), 99), VLOOKUP(C13, 'Birim Fiyat Master'!A$6:M$30, 10, FALSE), 11>=IFERROR(VLOOKUP(C13, 'Birim Fiyat Master'!A$6:M$30, 9, FALSE), 99), VLOOKUP(C13, 'Birim Fiyat Master'!A$6:M$30, 8, FALSE), 11>=IFERROR(VLOOKUP(C13, 'Birim Fiyat Master'!A$6:M$30, 7, FALSE), 99), VLOOKUP(C13, 'Birim Fiyat Master'!A$6:M$30, 6, FALSE), TRUE, VLOOKUP(C13, 'Birim Fiyat Master'!A$6:M$30, 4, FALSE))), VLOOKUP(C13, 'Birim Fiyat Master'!A$6:M$30, 4, FALSE)) | AZ13: =AW13*AY13 | BB13: =AX13+BA13 | BC13: =IFERROR(IF(C13="", "", _xludf.IFS(12>=IFERROR(VLOOKUP(C13, 'Birim Fiyat Master'!A$6:M$30, 13, FALSE), 99), VLOOKUP(C13, 'Birim Fiyat Master'!A$6:M$30, 12, FALSE), 12>=IFERROR(VLOOKUP(C13, 'Birim Fiyat Master'!A$6:M$30, 11, FALSE), 99), VLOOKUP(C13, 'Birim Fiyat Master'!A$6:M$30, 10, FALSE), 12>=IFERROR(VLOOKUP(C13, 'Birim Fiyat Master'!A$6:M$30, 9, FALSE), 99), VLOOKUP(C13, 'Birim Fiyat Master'!A$6:M$30, 8, FALSE), 12>=IFERROR(VLOOKUP(C13, 'Birim Fiyat Master'!A$6:M$30, 7, FALSE), 99), VLOOKUP(C13, 'Birim Fiyat Master'!A$6:M$30, 6, FALSE), TRUE, VLOOKUP(C13, 'Birim Fiyat Master'!A$6:M$30, 4, FALSE))), VLOOKUP(C13, 'Birim Fiyat Master'!A$6:M$30, 4, FALSE)) | BD13: =BA13*BC13 | BF13: =BB13+BE13 | BG13: =IFERROR(IF(C13="", "", _xludf.IFS(13>=IFERROR(VLOOKUP(C13, 'Birim Fiyat Master'!A$6:M$30, 13, FALSE), 99), VLOOKUP(C13, 'Birim Fiyat Master'!A$6:M$30, 12, FALSE), 13>=IFERROR(VLOOKUP(C13, 'Birim Fiyat Master'!A$6:M$30, 11, FALSE), 99), VLOOKUP(C13, 'Birim Fiyat Master'!A$6:M$30, 10, FALSE), 13>=IFERROR(VLOOKUP(C13, 'Birim Fiyat Master'!A$6:M$30, 9, FALSE), 99), VLOOKUP(C13, 'Birim Fiyat Master'!A$6:M$30, 8, FALSE), 13>=IFERROR(VLOOKUP(C13, 'Birim Fiyat Master'!A$6:M$30, 7, FALSE), 99), VLOOKUP(C13, 'Birim Fiyat Master'!A$6:M$30, 6, FALSE), TRUE, VLOOKUP(C13, 'Birim Fiyat Master'!A$6:M$30, 4, FALSE))), VLOOKUP(C13, 'Birim Fiyat Master'!A$6:M$30, 4, FALSE)) | BH13: =BE13*BG13 | BJ13: =BF13+BI13 | BK13: =IFERROR(IF(C13="", "", _xludf.IFS(14>=IFERROR(VLOOKUP(C13, 'Birim Fiyat Master'!A$6:M$30, 13, FALSE), 99), VLOOKUP(C13, 'Birim Fiyat Master'!A$6:M$30, 12, FALSE), 14>=IFERROR(VLOOKUP(C13, 'Birim Fiyat Master'!A$6:M$30, 11, FALSE), 99), VLOOKUP(C13, 'Birim Fiyat Master'!A$6:M$30, 10, FALSE), 14>=IFERROR(VLOOKUP(C13, 'Birim Fiyat Master'!A$6:M$30, 9, FALSE), 99), VLOOKUP(C13, 'Birim Fiyat Master'!A$6:M$30, 8, FALSE), 14>=IFERROR(VLOOKUP(C13, 'Birim Fiyat Master'!A$6:M$30, 7, FALSE), 99), VLOOKUP(C13, 'Birim Fiyat Master'!A$6:M$30, 6, FALSE), TRUE, VLOOKUP(C13, 'Birim Fiyat Master'!A$6:M$30, 4, FALSE))), VLOOKUP(C13, 'Birim Fiyat Master'!A$6:M$30, 4, FALSE)) | BL13: =BI13*BK13 | BN13: =BJ13+BM13 | BO13: =IFERROR(IF(C13="", "", _xludf.IFS(15>=IFERROR(VLOOKUP(C13, 'Birim Fiyat Master'!A$6:M$30, 13, FALSE), 99), VLOOKUP(C13, 'Birim Fiyat Master'!A$6:M$30, 12, FALSE), 15>=IFERROR(VLOOKUP(C13, 'Birim Fiyat Master'!A$6:M$30, 11, FALSE), 99), VLOOKUP(C13, 'Birim Fiyat Master'!A$6:M$30, 10, FALSE), 15>=IFERROR(VLOOKUP(C13, 'Birim Fiyat Master'!A$6:M$30, 9, FALSE), 99), VLOOKUP(C13, 'Birim Fiyat Master'!A$6:M$30, 8, FALSE), 15>=IFERROR(VLOOKUP(C13, 'Birim Fiyat Master'!A$6:M$30, 7, FALSE), 99), VLOOKUP(C13, 'Birim Fiyat Master'!A$6:M$30, 6, FALSE), TRUE, VLOOKUP(C13, 'Birim Fiyat Master'!A$6:M$30, 4, FALSE))), VLOOKUP(C13, 'Birim Fiyat Master'!A$6:M$30, 4, FALSE)) | BP13: =BM13*BO13
A31: TOPLAM | F31: =SUM(F7:F30) | G31: =SUM(G7:G30) | H31: =SUM(H7:H30) | I31: =SUM(I7:I30) | J31: =SUM(J7:J30) | K31: - | L31: =SUM(L7:L30) | M31: =SUM(M7:M30) | N31: =SUM(N7:N30) | O31: - | P31: =SUM(P7:P30) | Q31: =SUM(Q7:Q30) | R31: =SUM(R7:R30) | S31: - | T31: =SUM(T7:T30) | U31: =SUM(U7:U30) | V31: =SUM(V7:V30) | W31: - | X31: =SUM(X7:X30) | Y31: =SUM(Y7:Y30) | Z31: =SUM(Z7:Z30) | AA31: - | AB31: =SUM(AB7:AB30) | AC31: =SUM(AC7:AC30) | AD31: =SUM(AD7:AD30) | AE31: - | AF31: =SUM(AF7:AF30) | AG31: =SUM(AG7:AG30) | AH31: =SUM(AH7:AH30) | AI31: - | AJ31: =SUM(AJ7:AJ30) | AK31: =SUM(AK7:AK30) | AL31: =SUM(AL7:AL30) | AM31: - | AN31: =SUM(AN7:AN30) | AO31: =SUM(AO7:AO30) | AP31: =SUM(AP7:AP30) | AQ31: - | AR31: =SUM(AR7:AR30) | AS31: =SUM(AS7:AS30) | AT31: =SUM(AT7:AT30) | AU31: - | AV31: =SUM(AV7:AV30) | AW31: =SUM(AW7:AW30) | AX31: =SUM(AX7:AX30) | AY31: - | AZ31: =SUM(AZ7:AZ30) | BA31: =SUM(BA7:BA30) | BB31: =SUM(BB7:BB30) | BC31: - | BD31: =SUM(BD7:BD30) | BE31: =SUM(BE7:BE30) | BF31: =SUM(BF7:BF30) | BG31: - | BH31: =SUM(BH7:BH30) | BI31: =SUM(BI7:BI30) | BJ31: =SUM(BJ7:BJ30) | BK31: - | BL31: =SUM(BL7:BL30) | BM31: =SUM(BM7:BM30) | BN31: =SUM(BN7:BN30) | BO31: - | BP31: =SUM(BP7:BP30)

Sheet Tutanak ve Ekler
A1: EK İŞLER, TUTANAKLAR VE ŞANTİYE EKSTRALARI (1 - 15. DÖNEM)
A5: Tarih | B5: Hakediş Dönemi | C5: Tür | D5: Açıklama | E5: Miktar | F5: Birim Fiyat (TL) | G5: Toplam Tutar (TL)
G6: =E6*F6
G7: =E7*F7
A8: TOPLAM EK İŞLER | E8: =SUM(E6:E7) | G8: =SUM(G6:G7)

Sheet Kesintiler
A1: KESİNTİLER VE CEZALAR (1 - 15. DÖNEM)
A5: Tarih | B5: Hakediş Dönemi | C5: Tür | D5: Açıklama | E5: Miktar | F5: Birim Fiyat (TL) | G5: Toplam Kesinti (TL)
G6: =E6*F6
G7: =E7*F7
A8: TOPLAM KESİNTİLER | E8: =SUM(E6:E7) | G8: =SUM(G6:G7)

Sheet Tüm İmalatlar Master
A1: ŞANTİYE GENELİ TÜM İMALATLAR MASTER LİSTESİ (15 DÖNEMLİ)
A3: 💡 AÇIKLAMA: İş kalemi yazıldığında Poz No ve dönemlere ait Birim Fiyatlar 'Birim Fiyat Master' sayfasından revizyon kurallarına göre otomatik gelir. A - G sütunları dondurulmuştur.
I5: 1. Hakediş Dönemi | M5: 2. Hakediş Dönemi | Q5: 3. Hakediş Dönemi | U5: 4. Hakediş Dönemi | Y5: 5. Hakediş Dönemi | AC5: 6. Hakediş Dönemi | AG5: 7. Hakediş Dönemi | AK5: 8. Hakediş Dönemi | AO5: 9. Hakediş Dönemi | AS5: 10. Hakediş Dönemi | AW5: 11. Hakediş Dönemi | BA5: 12. Hakediş Dönemi | BE5: 13. Hakediş Dönemi | BI5: 14. Hakediş Dönemi | BM5: 15. Hakediş Dönemi
A6: Blok | B6: Cephe | C6: İş Kalemi | D6: Poz No | E6: Birim | F6: Sözleşme Miktarı | G6: Kalan Miktar | H6: Önceki Küm. | I6: 1.Dönem Miktar | J6: 1.Dönem Küm. | K6: 1.Dönem Birim Fiyat | L6: 1.Dönem Tutar | M6: 2.Dönem Miktar | N6: 2.Dönem Küm. | O6: 2.Dönem Birim Fiyat | P6: 2.Dönem Tutar | Q6: 3.Dönem Miktar | R6: 3.Dönem Küm. | S6: 3.Dönem Birim Fiyat | T6: 3.Dönem Tutar | U6: 4.Dönem Miktar | V6: 4.Dönem Küm. | W6: 4.Dönem Birim Fiyat | X6: 4.Dönem Tutar | Y6: 5.Dönem Miktar | Z6: 5.Dönem Küm. | AA6: 5.Dönem Birim Fiyat | AB6: 5.Dönem Tutar | AC6: 6.Dönem Miktar | AD6: 6.Dönem Küm. | AE6: 6.Dönem Birim Fiyat | AF6: 6.Dönem Tutar | AG6: 7.Dönem Miktar | AH6: 7.Dönem Küm. | AI6: 7.Dönem Birim Fiyat | AJ6: 7.Dönem Tutar | AK6: 8.Dönem Miktar | AL6: 8.Dönem Küm. | AM6: 8.Dönem Birim Fiyat | AN6: 8.Dönem Tutar | AO6: 9.Dönem Miktar | AP6: 9.Dönem Küm. | AQ6: 9.Dönem Birim Fiyat | AR6: 9.Dönem Tutar | AS6: 10.Dönem Miktar | AT6: 10.Dönem Küm. | AU6: 10.Dönem Birim Fiyat | AV6: 10.Dönem Tutar | AW6: 11.Dönem Miktar | AX6: 11.Dönem Küm. | AY6: 11.Dönem Birim Fiyat | AZ6: 11.Dönem Tutar | BA6: 12.Dönem Miktar | BB6: 12.Dönem Küm. | BC6: 12.Dönem Birim Fiyat | BD6: 12.Dönem Tutar | BE6: 13.Dönem Miktar | BF6: 13.Dönem Küm. | BG6: 13.Dönem Birim Fiyat | BH6: 13.Dönem Tutar | BI6: 14.Dönem Miktar | BJ6: 14.Dönem Küm. | BK6: 14.Dönem Birim Fiyat | BL6: 14.Dönem Tutar | BM6: 15.Dönem Miktar | BN6: 15.Dönem Küm. | BO6: 15.Dönem Birim Fiyat | BP6: 15.Dönem Tutar
A7: =IF('Hakediş Takip'!C7<>"", 'Hakediş Takip'!A7, "") | B7: =IF('Hakediş Takip'!C7<>"", 'Hakediş Takip'!B7, "") | C7: =IF('Hakediş Takip'!C7<>"", 'Hakediş Takip'!C7, "") | D7: =IF('Hakediş Takip'!C7<>"", 'Hakediş Takip'!D7, "") | E7: =IF('Hakediş Takip'!C7<>"", 'Hakediş Takip'!E7, "") | F7: =IF('Hakediş Takip'!C7<>"", 'Hakediş Takip'!F7, "") | G7: =IF('Hakediş Takip'!C7<>"", 'Hakediş Takip'!G7, "") | H7: =IF('Hakediş Takip'!C7<>"", 'Hakediş Takip'!H7, "") | I7: =IF('Hakediş Takip'!C7<>"", 'Hakediş Takip'!I7, "") | J7: =IF('Hakediş Takip'!C7<>"", 'Hakediş Takip'!J7, "") | K7: =IF('Hakediş Takip'!C7<>"", 'Hakediş Takip'!K7, "") | L7: =IF('Hakediş Takip'!C7<>"", 'Hakediş Takip'!L7, "") | M7: =IF('Hakediş Takip'!C7<>"", 'Hakediş Takip'!M7, "") | N7: =IF('Hakediş Takip'!C7<>"", 'Hakediş Takip'!N7, "") | O7: =IF('Hakediş Takip'!C7<>"", 'Hakediş Takip'!O7, "") | P7: =IF('Hakediş Takip'!C7<>"", 'Hakediş Takip'!P7, "") | Q7: =IF('Hakediş Takip'!C7<>"", 'Hakediş Takip'!Q7, "") | R7: =IF('Hakediş Takip'!C7<>"", 'Hakediş Takip'!R7, "") | S7: =IF('Hakediş Takip'!C7<>"", 'Hakediş Takip'!S7, "") | T7: =IF('Hakediş Takip'!C7<>"", 'Hakediş Takip'!T7, "") | U7: =IF('Hakediş Takip'!C7<>"", 'Hakediş Takip'!U7, "") | V7: =IF('Hakediş Takip'!C7<>"", 'Hakediş Takip'!V7, "") | W7: =IF('Hakediş Takip'!C7<>"", 'Hakediş Takip'!W7, "") | X7: =IF('Hakediş Takip'!C7<>"", 'Hakediş Takip'!X7, "") | Y7: =IF('Hakediş Takip'!C7<>"", 'Hakediş Takip'!Y7, "") | Z7: =IF('Hakediş Takip'!C7<>"", 'Hakediş Takip'!Z7, "") | AA7: =IF('Hakediş Takip'!C7<>"", 'Hakediş Takip'!AA7, "") | AB7: =IF('Hakediş Takip'!C7<>"", 'Hakediş Takip'!AB7, "") | AC7: =IF('Hakediş Takip'!C7<>"", 'Hakediş Takip'!AC7, "") | AD7: =IF('Hakediş Takip'!C7<>"", 'Hakediş Takip'!AD7, "") | AE7: =IF('Hakediş Takip'!C7<>"", 'Hakediş Takip'!AE7, "") | AF7: =IF('Hakediş Takip'!C7<>"", 'Hakediş Takip'!AF7, "") | AG7: =IF('Hakediş Takip'!C7<>"", 'Hakediş Takip'!AG7, "") | AH7: =IF('Hakediş Takip'!C7<>"", 'Hakediş Takip'!AH7, "") | AI7: =IF('Hakediş Takip'!C7<>"", 'Hakediş Takip'!AI7, "") | AJ7: =IF('Hakediş Takip'!C7<>"", 'Hakediş Takip'!AJ7, "") | AK7: =IF('Hakediş Takip'!C7<>"", 'Hakediş Takip'!AK7, "") | AL7: =IF('Hakediş Takip'!C7<>"", 'Hakediş Takip'!AL7, "") | AM7: =IF('Hakediş Takip'!C7<>"", 'Hakediş Takip'!AM7, "") | AN7: =IF('Hakediş Takip'!C7<>"", 'Hakediş Takip'!AN7, "") | AO7: =IF('Hakediş Takip'!C7<>"", 'Hakediş Takip'!AO7, "") | AP7: =IF('Hakediş Takip'!C7<>"", 'Hakediş Takip'!AP7, "") | AQ7: =IF('Hakediş Takip'!C7<>"", 'Hakediş Takip'!AQ7, "") | AR7: =IF('Hakediş Takip'!C7<>"", 'Hakediş Takip'!AR7, "") | AS7: =IF('Hakediş Takip'!C7<>"", 'Hakediş Takip'!AS7, "") | AT7: =IF('Hakediş Takip'!C7<>"", 'Hakediş Takip'!AT7, "") | AU7: =IF('Hakediş Takip'!C7<>"", 'Hakediş Takip'!AU7, "") | AV7: =IF('Hakediş Takip'!C7<>"", 'Hakediş Takip'!AV7, "") | AW7: =IF('Hakediş Takip'!C7<>"", 'Hakediş Takip'!AW7, "") | AX7: =IF('Hakediş Takip'!C7<>"", 'Hakediş Takip'!AX7, "") | AY7: =IF('Hakediş Takip'!C7<>"", 'Hakediş Takip'!AY7, "") | AZ7: =IF('Hakediş Takip'!C7<>"", 'Hakediş Takip'!AZ7, "") | BA7: =IF('Hakediş Takip'!C7<>"", 'Hakediş Takip'!BA7, "") | BB7: =IF('Hakediş Takip'!C7<>"", 'Hakediş Takip'!BB7, "") | BC7: =IF('Hakediş Takip'!C7<>"", 'Hakediş Takip'!BC7, "") | BD7: =IF('Hakediş Takip'!C7<>"", 'Hakediş Takip'!BD7, "") | BE7: =IF('Hakediş Takip'!C7<>"", 'Hakediş Takip'!BE7, "") | BF7: =IF('Hakediş Takip'!C7<>"", 'Hakediş Takip'!BF7, "") | BG7: =IF('Hakediş Takip'!C7<>"", 'Hakediş Takip'!BG7, "") | BH7: =IF('Hakediş Takip'!C7<>"", 'Hakediş Takip'!BH7, "") | BI7: =IF('Hakediş Takip'!C7<>"", 'Hakediş Takip'!BI7, "") | BJ7: =IF('Hakediş Takip'!C7<>"", 'Hakediş Takip'!BJ7, "") | BK7: =IF('Hakediş Takip'!C7<>"", 'Hakediş Takip'!BK7, "") | BL7: =IF('Hakediş Takip'!C7<>"", 'Hakediş Takip'!BL7, "") | BM7: =IF('Hakediş Takip'!C7<>"", 'Hakediş Takip'!BM7, "") | BN7: =IF('Hakediş Takip'!C7<>"", 'Hakediş Takip'!BN7, "") | BO7: =IF('Hakediş Takip'!C7<>"", 'Hakediş Takip'!BO7, "") | BP7: =IF('Hakediş Takip'!C7<>"", 'Hakediş Takip'!BP7, "")
A8: =IF('Hakediş Takip'!C8<>"", 'Hakediş Takip'!A8, "") | B8: =IF('Hakediş Takip'!C8<>"", 'Hakediş Takip'!B8, "") | C8: =IF('Hakediş Takip'!C8<>"", 'Hakediş Takip'!C8, "") | D8: =IF('Hakediş Takip'!C8<>"", 'Hakediş Takip'!D8, "") | E8: =IF('Hakediş Takip'!C8<>"", 'Hakediş Takip'!E8, "") | F8: =IF('Hakediş Takip'!C8<>"", 'Hakediş Takip'!F8, "") | G8: =IF('Hakediş Takip'!C8<>"", 'Hakediş Takip'!G8, "") | H8: =IF('Hakediş Takip'!C8<>"", 'Hakediş Takip'!H8, "") | I8: =IF('Hakediş Takip'!C8<>"", 'Hakediş Takip'!I8, "") | J8: =IF('Hakediş Takip'!C8<>"", 'Hakediş Takip'!J8, "") | K8: =IF('Hakediş Takip'!C8<>"", 'Hakediş Takip'!K8, "") | L8: =IF('Hakediş Takip'!C8<>"", 'Hakediş Takip'!L8, "") | M8: =IF('Hakediş Takip'!C8<>"", 'Hakediş Takip'!M8, "") | N8: =IF('Hakediş Takip'!C8<>"", 'Hakediş Takip'!N8, "") | O8: =IF('Hakediş Takip'!C8<>"", 'Hakediş Takip'!O8, "") | P8: =IF('Hakediş Takip'!C8<>"", 'Hakediş Takip'!P8, "") | Q8: =IF('Hakediş Takip'!C8<>"", 'Hakediş Takip'!Q8, "") | R8: =IF('Hakediş Takip'!C8<>"", 'Hakediş Takip'!R8, "") | S8: =IF('Hakediş Takip'!C8<>"", 'Hakediş Takip'!S8, "") | T8: =IF('Hakediş Takip'!C8<>"", 'Hakediş Takip'!T8, "") | U8: =IF('Hakediş Takip'!C8<>"", 'Hakediş Takip'!U8, "") | V8: =IF('Hakediş Takip'!C8<>"", 'Hakediş Takip'!V8, "") | W8: =IF('Hakediş Takip'!C8<>"", 'Hakediş Takip'!W8, "") | X8: =IF('Hakediş Takip'!C8<>"", 'Hakediş Takip'!X8, "") | Y8: =IF('Hakediş Takip'!C8<>"", 'Hakediş Takip'!Y8, "") | Z8: =IF('Hakediş Takip'!C8<>"", 'Hakediş Takip'!Z8, "") | AA8: =IF('Hakediş Takip'!C8<>"", 'Hakediş Takip'!AA8, "") | AB8: =IF('Hakediş Takip'!C8<>"", 'Hakediş Takip'!AB8, "") | AC8: =IF('Hakediş Takip'!C8<>"", 'Hakediş Takip'!AC8, "") | AD8: =IF('Hakediş Takip'!C8<>"", 'Hakediş Takip'!AD8, "") | AE8: =IF('Hakediş Takip'!C8<>"", 'Hakediş Takip'!AE8, "") | AF8: =IF('Hakediş Takip'!C8<>"", 'Hakediş Takip'!AF8, "") | AG8: =IF('Hakediş Takip'!C8<>"", 'Hakediş Takip'!AG8, "") | AH8: =IF('Hakediş Takip'!C8<>"", 'Hakediş Takip'!AH8, "") | AI8: =IF('Hakediş Takip'!C8<>"", 'Hakediş Takip'!AI8, "") | AJ8: =IF('Hakediş Takip'!C8<>"", 'Hakediş Takip'!AJ8, "") | AK8: =IF('Hakediş Takip'!C8<>"", 'Hakediş Takip'!AK8, "") | AL8: =IF('Hakediş Takip'!C8<>"", 'Hakediş Takip'!AL8, "") | AM8: =IF('Hakediş Takip'!C8<>"", 'Hakediş Takip'!AM8, "") | AN8: =IF('Hakediş Takip'!C8<>"", 'Hakediş Takip'!AN8, "") | AO8: =IF('Hakediş Takip'!C8<>"", 'Hakediş Takip'!AO8, "") | AP8: =IF('Hakediş Takip'!C8<>"", 'Hakediş Takip'!AP8, "") | AQ8: =IF('Hakediş Takip'!C8<>"", 'Hakediş Takip'!AQ8, "") | AR8: =IF('Hakediş Takip'!C8<>"", 'Hakediş Takip'!AR8, "") | AS8: =IF('Hakediş Takip'!C8<>"", 'Hakediş Takip'!AS8, "") | AT8: =IF('Hakediş Takip'!C8<>"", 'Hakediş Takip'!AT8, "") | AU8: =IF('Hakediş Takip'!C8<>"", 'Hakediş Takip'!AU8, "") | AV8: =IF('Hakediş Takip'!C8<>"", 'Hakediş Takip'!AV8, "") | AW8: =IF('Hakediş Takip'!C8<>"", 'Hakediş Takip'!AW8, "") | AX8: =IF('Hakediş Takip'!C8<>"", 'Hakediş Takip'!AX8, "") | AY8: =IF('Hakediş Takip'!C8<>"", 'Hakediş Takip'!AY8, "") | AZ8: =IF('Hakediş Takip'!C8<>"", 'Hakediş Takip'!AZ8, "") | BA8: =IF('Hakediş Takip'!C8<>"", 'Hakediş Takip'!BA8, "") | BB8: =IF('Hakediş Takip'!C8<>"", 'Hakediş Takip'!BB8, "") | BC8: =IF('Hakediş Takip'!C8<>"", 'Hakediş Takip'!BC8, "") | BD8: =IF('Hakediş Takip'!C8<>"", 'Hakediş Takip'!BD8, "") | BE8: =IF('Hakediş Takip'!C8<>"", 'Hakediş Takip'!BE8, "") | BF8: =IF('Hakediş Takip'!C8<>"", 'Hakediş Takip'!BF8, "") | BG8: =IF('Hakediş Takip'!C8<>"", 'Hakediş Takip'!BG8, "") | BH8: =IF('Hakediş Takip'!C8<>"", 'Hakediş Takip'!BH8, "") | BI8: =IF('Hakediş Takip'!C8<>"", 'Hakediş Takip'!BI8, "") | BJ8: =IF('Hakediş Takip'!C8<>"", 'Hakediş Takip'!BJ8, "") | BK8: =IF('Hakediş Takip'!C8<>"", 'Hakediş Takip'!BK8, "") | BL8: =IF('Hakediş Takip'!C8<>"", 'Hakediş Takip'!BL8, "") | BM8: =IF('Hakediş Takip'!C8<>"", 'Hakediş Takip'!BM8, "") | BN8: =IF('Hakediş Takip'!C8<>"", 'Hakediş Takip'!BN8, "") | BO8: =IF('Hakediş Takip'!C8<>"", 'Hakediş Takip'!BO8, "") | BP8: =IF('Hakediş Takip'!C8<>"", 'Hakediş Takip'!BP8, "")
A9: =IF('Hakediş Takip'!C9<>"", 'Hakediş Takip'!A9, "") | B9: =IF('Hakediş Takip'!C9<>"", 'Hakediş Takip'!B9, "") | C9: =IF('Hakediş Takip'!C9<>"", 'Hakediş Takip'!C9, "") | D9: =IF('Hakediş Takip'!C9<>"", 'Hakediş Takip'!D9, "") | E9: =IF('Hakediş Takip'!C9<>"", 'Hakediş Takip'!E9, "") | F9: =IF('Hakediş Takip'!C9<>"", 'Hakediş Takip'!F9, "") | G9: =IF('Hakediş Takip'!C9<>"", 'Hakediş Takip'!G9, "") | H9: =IF('Hakediş Takip'!C9<>"", 'Hakediş Takip'!H9, "") | I9: =IF('Hakediş Takip'!C9<>"", 'Hakediş Takip'!I9, "") | J9: =IF('Hakediş Takip'!C9<>"", 'Hakediş Takip'!J9, "") | K9: =IF('Hakediş Takip'!C9<>"", 'Hakediş Takip'!K9, "") | L9: =IF('Hakediş Takip'!C9<>"", 'Hakediş Takip'!L9, "") | M9: =IF('Hakediş Takip'!C9<>"", 'Hakediş Takip'!M9, "") | N9: =IF('Hakediş Takip'!C9<>"", 'Hakediş Takip'!N9, "") | O9: =IF('Hakediş Takip'!C9<>"", 'Hakediş Takip'!O9, "") | P9: =IF('Hakediş Takip'!C9<>"", 'Hakediş Takip'!P9, "") | Q9: =IF('Hakediş Takip'!C9<>"", 'Hakediş Takip'!Q9, "") | R9: =IF('Hakediş Takip'!C9<>"", 'Hakediş Takip'!R9, "") | S9: =IF('Hakediş Takip'!C9<>"", 'Hakediş Takip'!S9, "") | T9: =IF('Hakediş Takip'!C9<>"", 'Hakediş Takip'!T9, "") | U9: =IF('Hakediş Takip'!C9<>"", 'Hakediş Takip'!U9, "") | V9: =IF('Hakediş Takip'!C9<>"", 'Hakediş Takip'!V9, "") | W9: =IF('Hakediş Takip'!C9<>"", 'Hakediş Takip'!W9, "") | X9: =IF('Hakediş Takip'!C9<>"", 'Hakediş Takip'!X9, "") | Y9: =IF('Hakediş Takip'!C9<>"", 'Hakediş Takip'!Y9, "") | Z9: =IF('Hakediş Takip'!C9<>"", 'Hakediş Takip'!Z9, "") | AA9: =IF('Hakediş Takip'!C9<>"", 'Hakediş Takip'!AA9, "") | AB9: =IF('Hakediş Takip'!C9<>"", 'Hakediş Takip'!AB9, "") | AC9: =IF('Hakediş Takip'!C9<>"", 'Hakediş Takip'!AC9, "") | AD9: =IF('Hakediş Takip'!C9<>"", 'Hakediş Takip'!AD9, "") | AE9: =IF('Hakediş Takip'!C9<>"", 'Hakediş Takip'!AE9, "") | AF9: =IF('Hakediş Takip'!C9<>"", 'Hakediş Takip'!AF9, "") | AG9: =IF('Hakediş Takip'!C9<>"", 'Hakediş Takip'!AG9, "") | AH9: =IF('Hakediş Takip'!C9<>"", 'Hakediş Takip'!AH9, "") | AI9: =IF('Hakediş Takip'!C9<>"", 'Hakediş Takip'!AI9, "") | AJ9: =IF('Hakediş Takip'!C9<>"", 'Hakediş Takip'!AJ9, "") | AK9: =IF('Hakediş Takip'!C9<>"", 'Hakediş Takip'!AK9, "") | AL9: =IF('Hakediş Takip'!C9<>"", 'Hakediş Takip'!AL9, "") | AM9: =IF('Hakediş Takip'!C9<>"", 'Hakediş Takip'!AM9, "") | AN9: =IF('Hakediş Takip'!C9<>"", 'Hakediş Takip'!AN9, "") | AO9: =IF('Hakediş Takip'!C9<>"", 'Hakediş Takip'!AO9, "") | AP9: =IF('Hakediş Takip'!C9<>"", 'Hakediş Takip'!AP9, "") | AQ9: =IF('Hakediş Takip'!C9<>"", 'Hakediş Takip'!AQ9, "") | AR9: =IF('Hakediş Takip'!C9<>"", 'Hakediş Takip'!AR9, "") | AS9: =IF('Hakediş Takip'!C9<>"", 'Hakediş Takip'!AS9, "") | AT9: =IF('Hakediş Takip'!C9<>"", 'Hakediş Takip'!AT9, "") | AU9: =IF('Hakediş Takip'!C9<>"", 'Hakediş Takip'!AU9, "") | AV9: =IF('Hakediş Takip'!C9<>"", 'Hakediş Takip'!AV9, "") | AW9: =IF('Hakediş Takip'!C9<>"", 'Hakediş Takip'!AW9, "") | AX9: =IF('Hakediş Takip'!C9<>"", 'Hakediş Takip'!AX9, "") | AY9: =IF('Hakediş Takip'!C9<>"", 'Hakediş Takip'!AY9, "") | AZ9: =IF('Hakediş Takip'!C9<>"", 'Hakediş Takip'!AZ9, "") | BA9: =IF('Hakediş Takip'!C9<>"", 'Hakediş Takip'!BA9, "") | BB9: =IF('Hakediş Takip'!C9<>"", 'Hakediş Takip'!BB9, "") | BC9: =IF('Hakediş Takip'!C9<>"", 'Hakediş Takip'!BC9, "") | BD9: =IF('Hakediş Takip'!C9<>"", 'Hakediş Takip'!BD9, "") | BE9: =IF('Hakediş Takip'!C9<>"", 'Hakediş Takip'!BE9, "") | BF9: =IF('Hakediş Takip'!C9<>"", 'Hakediş Takip'!BF9, "") | BG9: =IF('Hakediş Takip'!C9<>"", 'Hakediş Takip'!BG9, "") | BH9: =IF('Hakediş Takip'!C9<>"", 'Hakediş Takip'!BH9, "") | BI9: =IF('Hakediş Takip'!C9<>"", 'Hakediş Takip'!BI9, "") | BJ9: =IF('Hakediş Takip'!C9<>"", 'Hakediş Takip'!BJ9, "") | BK9: =IF('Hakediş Takip'!C9<>"", 'Hakediş Takip'!BK9, "") | BL9: =IF('Hakediş Takip'!C9<>"", 'Hakediş Takip'!BL9, "") | BM9: =IF('Hakediş Takip'!C9<>"", 'Hakediş Takip'!BM9, "") | BN9: =IF('Hakediş Takip'!C9<>"", 'Hakediş Takip'!BN9, "") | BO9: =IF('Hakediş Takip'!C9<>"", 'Hakediş Takip'!BO9, "") | BP9: =IF('Hakediş Takip'!C9<>"", 'Hakediş Takip'!BP9, "")
A10: =IF('Hakediş Takip'!C10<>"", 'Hakediş Takip'!A10, "") | B10: =IF('Hakediş Takip'!C10<>"", 'Hakediş Takip'!B10, "") | C10: =IF('Hakediş Takip'!C10<>"", 'Hakediş Takip'!C10, "") | D10: =IF('Hakediş Takip'!C10<>"", 'Hakediş Takip'!D10, "") | E10: =IF('Hakediş Takip'!C10<>"", 'Hakediş Takip'!E10, "") | F10: =IF('Hakediş Takip'!C10<>"", 'Hakediş Takip'!F10, "") | G10: =IF('Hakediş Takip'!C10<>"", 'Hakediş Takip'!G10, "") | H10: =IF('Hakediş Takip'!C10<>"", 'Hakediş Takip'!H10, "") | I10: =IF('Hakediş Takip'!C10<>"", 'Hakediş Takip'!I10, "") | J10: =IF('Hakediş Takip'!C10<>"", 'Hakediş Takip'!J10, "") | K10: =IF('Hakediş Takip'!C10<>"", 'Hakediş Takip'!K10, "") | L10: =IF('Hakediş Takip'!C10<>"", 'Hakediş Takip'!L10, "") | M10: =IF('Hakediş Takip'!C10<>"", 'Hakediş Takip'!M10, "") | N10: =IF('Hakediş Takip'!C10<>"", 'Hakediş Takip'!N10, "") | O10: =IF('Hakediş Takip'!C10<>"", 'Hakediş Takip'!O10, "") | P10: =IF('Hakediş Takip'!C10<>"", 'Hakediş Takip'!P10, "") | Q10: =IF('Hakediş Takip'!C10<>"", 'Hakediş Takip'!Q10, "") | R10: =IF('Hakediş Takip'!C10<>"", 'Hakediş Takip'!R10, "") | S10: =IF('Hakediş Takip'!C10<>"", 'Hakediş Takip'!S10, "") | T10: =IF('Hakediş Takip'!C10<>"", 'Hakediş Takip'!T10, "") | U10: =IF('Hakediş Takip'!C10<>"", 'Hakediş Takip'!U10, "") | V10: =IF('Hakediş Takip'!C10<>"", 'Hakediş Takip'!V10, "") | W10: =IF('Hakediş Takip'!C10<>"", 'Hakediş Takip'!W10, "") | X10: =IF('Hakediş Takip'!C10<>"", 'Hakediş Takip'!X10, "") | Y10: =IF('Hakediş Takip'!C10<>"", 'Hakediş Takip'!Y10, "") | Z10: =IF('Hakediş Takip'!C10<>"", 'Hakediş Takip'!Z10, "") | AA10: =IF('Hakediş Takip'!C10<>"", 'Hakediş Takip'!AA10, "") | AB10: =IF('Hakediş Takip'!C10<>"", 'Hakediş Takip'!AB10, "") | AC10: =IF('Hakediş Takip'!C10<>"", 'Hakediş Takip'!AC10, "") | AD10: =IF('Hakediş Takip'!C10<>"", 'Hakediş Takip'!AD10, "") | AE10: =IF('Hakediş Takip'!C10<>"", 'Hakediş Takip'!AE10, "") | AF10: =IF('Hakediş Takip'!C10<>"", 'Hakediş Takip'!AF10, "") | AG10: =IF('Hakediş Takip'!C10<>"", 'Hakediş Takip'!AG10, "") | AH10: =IF('Hakediş Takip'!C10<>"", 'Hakediş Takip'!AH10, "") | AI10: =IF('Hakediş Takip'!C10<>"", 'Hakediş Takip'!AI10, "") | AJ10: =IF('Hakediş Takip'!C10<>"", 'Hakediş Takip'!AJ10, "") | AK10: =IF('Hakediş Takip'!C10<>"", 'Hakediş Takip'!AK10, "") | AL10: =IF('Hakediş Takip'!C10<>"", 'Hakediş Takip'!AL10, "") | AM10: =IF('Hakediş Takip'!C10<>"", 'Hakediş Takip'!AM10, "") | AN10: =IF('Hakediş Takip'!C10<>"", 'Hakediş Takip'!AN10, "") | AO10: =IF('Hakediş Takip'!C10<>"", 'Hakediş Takip'!AO10, "") | AP10: =IF('Hakediş Takip'!C10<>"", 'Hakediş Takip'!AP10, "") | AQ10: =IF('Hakediş Takip'!C10<>"", 'Hakediş Takip'!AQ10, "") | AR10: =IF('Hakediş Takip'!C10<>"", 'Hakediş Takip'!AR10, "") | AS10: =IF('Hakediş Takip'!C10<>"", 'Hakediş Takip'!AS10, "") | AT10: =IF('Hakediş Takip'!C10<>"", 'Hakediş Takip'!AT10, "") | AU10: =IF('Hakediş Takip'!C10<>"", 'Hakediş Takip'!AU10, "") | AV10: =IF('Hakediş Takip'!C10<>"", 'Hakediş Takip'!AV10, "") | AW10: =IF('Hakediş Takip'!C10<>"", 'Hakediş Takip'!AW10, "") | AX10: =IF('Hakediş Takip'!C10<>"", 'Hakediş Takip'!AX10, "") | AY10: =IF('Hakediş Takip'!C10<>"", 'Hakediş Takip'!AY10, "") | AZ10: =IF('Hakediş Takip'!C10<>"", 'Hakediş Takip'!AZ10, "") | BA10: =IF('Hakediş Takip'!C10<>"", 'Hakediş Takip'!BA10, "") | BB10: =IF('Hakediş Takip'!C10<>"", 'Hakediş Takip'!BB10, "") | BC10: =IF('Hakediş Takip'!C10<>"", 'Hakediş Takip'!BC10, "") | BD10: =IF('Hakediş Takip'!C10<>"", 'Hakediş Takip'!BD10, "") | BE10: =IF('Hakediş Takip'!C10<>"", 'Hakediş Takip'!BE10, "") | BF10: =IF('Hakediş Takip'!C10<>"", 'Hakediş Takip'!BF10, "") | BG10: =IF('Hakediş Takip'!C10<>"", 'Hakediş Takip'!BG10, "") | BH10: =IF('Hakediş Takip'!C10<>"", 'Hakediş Takip'!BH10, "") | BI10: =IF('Hakediş Takip'!C10<>"", 'Hakediş Takip'!BI10, "") | BJ10: =IF('Hakediş Takip'!C10<>"", 'Hakediş Takip'!BJ10, "") | BK10: =IF('Hakediş Takip'!C10<>"", 'Hakediş Takip'!BK10, "") | BL10: =IF('Hakediş Takip'!C10<>"", 'Hakediş Takip'!BL10, "") | BM10: =IF('Hakediş Takip'!C10<>"", 'Hakediş Takip'!BM10, "") | BN10: =IF('Hakediş Takip'!C10<>"", 'Hakediş Takip'!BN10, "") | BO10: =IF('Hakediş Takip'!C10<>"", 'Hakediş Takip'!BO10, "") | BP10: =IF('Hakediş Takip'!C10<>"", 'Hakediş Takip'!BP10, "")
A11: =IF('Hakediş Takip'!C11<>"", 'Hakediş Takip'!A11, "") | B11: =IF('Hakediş Takip'!C11<>"", 'Hakediş Takip'!B11, "") | C11: =IF('Hakediş Takip'!C11<>"", 'Hakediş Takip'!C11, "") | D11: =IF('Hakediş Takip'!C11<>"", 'Hakediş Takip'!D11, "") | E11: =IF('Hakediş Takip'!C11<>"", 'Hakediş Takip'!E11, "") | F11: =IF('Hakediş Takip'!C11<>"", 'Hakediş Takip'!F11, "") | G11: =IF('Hakediş Takip'!C11<>"", 'Hakediş Takip'!G11, "") | H11: =IF('Hakediş Takip'!C11<>"", 'Hakediş Takip'!H11, "") | I11: =IF('Hakediş Takip'!C11<>"", 'Hakediş Takip'!I11, "") | J11: =IF('Hakediş Takip'!C11<>"", 'Hakediş Takip'!J11, "") | K11: =IF('Hakediş Takip'!C11<>"", 'Hakediş Takip'!K11, "") | L11: =IF('Hakediş Takip'!C11<>"", 'Hakediş Takip'!L11, "") | M11: =IF('Hakediş Takip'!C11<>"", 'Hakediş Takip'!M11, "") | N11: =IF('Hakediş Takip'!C11<>"", 'Hakediş Takip'!N11, "") | O11: =IF('Hakediş Takip'!C11<>"", 'Hakediş Takip'!O11, "") | P11: =IF('Hakediş Takip'!C11<>"", 'Hakediş Takip'!P11, "") | Q11: =IF('Hakediş Takip'!C11<>"", 'Hakediş Takip'!Q11, "") | R11: =IF('Hakediş Takip'!C11<>"", 'Hakediş Takip'!R11, "") | S11: =IF('Hakediş Takip'!C11<>"", 'Hakediş Takip'!S11, "") | T11: =IF('Hakediş Takip'!C11<>"", 'Hakediş Takip'!T11, "") | U11: =IF('Hakediş Takip'!C11<>"", 'Hakediş Takip'!U11, "") | V11: =IF('Hakediş Takip'!C11<>"", 'Hakediş Takip'!V11, "") | W11: =IF('Hakediş Takip'!C11<>"", 'Hakediş Takip'!W11, "") | X11: =IF('Hakediş Takip'!C11<>"", 'Hakediş Takip'!X11, "") | Y11: =IF('Hakediş Takip'!C11<>"", 'Hakediş Takip'!Y11, "") | Z11: =IF('Hakediş Takip'!C11<>"", 'Hakediş Takip'!Z11, "") | AA11: =IF('Hakediş Takip'!C11<>"", 'Hakediş Takip'!AA11, "") | AB11: =IF('Hakediş Takip'!C11<>"", 'Hakediş Takip'!AB11, "") | AC11: =IF('Hakediş Takip'!C11<>"", 'Hakediş Takip'!AC11, "") | AD11: =IF('Hakediş Takip'!C11<>"", 'Hakediş Takip'!AD11, "") | AE11: =IF('Hakediş Takip'!C11<>"", 'Hakediş Takip'!AE11, "") | AF11: =IF('Hakediş Takip'!C11<>"", 'Hakediş Takip'!AF11, "") | AG11: =IF('Hakediş Takip'!C11<>"", 'Hakediş Takip'!AG11, "") | AH11: =IF('Hakediş Takip'!C11<>"", 'Hakediş Takip'!AH11, "") | AI11: =IF('Hakediş Takip'!C11<>"", 'Hakediş Takip'!AI11, "") | AJ11: =IF('Hakediş Takip'!C11<>"", 'Hakediş Takip'!AJ11, "") | AK11: =IF('Hakediş Takip'!C11<>"", 'Hakediş Takip'!AK11, "") | AL11: =IF('Hakediş Takip'!C11<>"", 'Hakediş Takip'!AL11, "") | AM11: =IF('Hakediş Takip'!C11<>"", 'Hakediş Takip'!AM11, "") | AN11: =IF('Hakediş Takip'!C11<>"", 'Hakediş Takip'!AN11, "") | AO11: =IF('Hakediş Takip'!C11<>"", 'Hakediş Takip'!AO11, "") | AP11: =IF('Hakediş Takip'!C11<>"", 'Hakediş Takip'!AP11, "") | AQ11: =IF('Hakediş Takip'!C11<>"", 'Hakediş Takip'!AQ11, "") | AR11: =IF('Hakediş Takip'!C11<>"", 'Hakediş Takip'!AR11, "") | AS11: =IF('Hakediş Takip'!C11<>"", 'Hakediş Takip'!AS11, "") | AT11: =IF('Hakediş Takip'!C11<>"", 'Hakediş Takip'!AT11, "") | AU11: =IF('Hakediş Takip'!C11<>"", 'Hakediş Takip'!AU11, "") | AV11: =IF('Hakediş Takip'!C11<>"", 'Hakediş Takip'!AV11, "") | AW11: =IF('Hakediş Takip'!C11<>"", 'Hakediş Takip'!AW11, "") | AX11: =IF('Hakediş Takip'!C11<>"", 'Hakediş Takip'!AX11, "") | AY11: =IF('Hakediş Takip'!C11<>"", 'Hakediş Takip'!AY11, "") | AZ11: =IF('Hakediş Takip'!C11<>"", 'Hakediş Takip'!AZ11, "") | BA11: =IF('Hakediş Takip'!C11<>"", 'Hakediş Takip'!BA11, "") | BB11: =IF('Hakediş Takip'!C11<>"", 'Hakediş Takip'!BB11, "") | BC11: =IF('Hakediş Takip'!C11<>"", 'Hakediş Takip'!BC11, "") | BD11: =IF('Hakediş Takip'!C11<>"", 'Hakediş Takip'!BD11, "") | BE11: =IF('Hakediş Takip'!C11<>"", 'Hakediş Takip'!BE11, "") | BF11: =IF('Hakediş Takip'!C11<>"", 'Hakediş Takip'!BF11, "") | BG11: =IF('Hakediş Takip'!C11<>"", 'Hakediş Takip'!BG11, "") | BH11: =IF('Hakediş Takip'!C11<>"", 'Hakediş Takip'!BH11, "") | BI11: =IF('Hakediş Takip'!C11<>"", 'Hakediş Takip'!BI11, "") | BJ11: =IF('Hakediş Takip'!C11<>"", 'Hakediş Takip'!BJ11, "") | BK11: =IF('Hakediş Takip'!C11<>"", 'Hakediş Takip'!BK11, "") | BL11: =IF('Hakediş Takip'!C11<>"", 'Hakediş Takip'!BL11, "") | BM11: =IF('Hakediş Takip'!C11<>"", 'Hakediş Takip'!BM11, "") | BN11: =IF('Hakediş Takip'!C11<>"", 'Hakediş Takip'!BN11, "") | BO11: =IF('Hakediş Takip'!C11<>"", 'Hakediş Takip'!BO11, "") | BP11: =IF('Hakediş Takip'!C11<>"", 'Hakediş Takip'!BP11, "")
A12: =IF('Hakediş Takip'!C12<>"", 'Hakediş Takip'!A12, "") | B12: =IF('Hakediş Takip'!C12<>"", 'Hakediş Takip'!B12, "") | C12: =IF('Hakediş Takip'!C12<>"", 'Hakediş Takip'!C12, "") | D12: =IF('Hakediş Takip'!C12<>"", 'Hakediş Takip'!D12, "") | E12: =IF('Hakediş Takip'!C12<>"", 'Hakediş Takip'!E12, "") | F12: =IF('Hakediş Takip'!C12<>"", 'Hakediş Takip'!F12, "") | G12: =IF('Hakediş Takip'!C12<>"", 'Hakediş Takip'!G12, "") | H12: =IF('Hakediş Takip'!C12<>"", 'Hakediş Takip'!H12, "") | I12: =IF('Hakediş Takip'!C12<>"", 'Hakediş Takip'!I12, "") | J12: =IF('Hakediş Takip'!C12<>"", 'Hakediş Takip'!J12, "") | K12: =IF('Hakediş Takip'!C12<>"", 'Hakediş Takip'!K12, "") | L12: =IF('Hakediş Takip'!C12<>"", 'Hakediş Takip'!L12, "") | M12: =IF('Hakediş Takip'!C12<>"", 'Hakediş Takip'!M12, "") | N12: =IF('Hakediş Takip'!C12<>"", 'Hakediş Takip'!N12, "") | O12: =IF('Hakediş Takip'!C12<>"", 'Hakediş Takip'!O12, "") | P12: =IF('Hakediş Takip'!C12<>"", 'Hakediş Takip'!P12, "") | Q12: =IF('Hakediş Takip'!C12<>"", 'Hakediş Takip'!Q12, "") | R12: =IF('Hakediş Takip'!C12<>"", 'Hakediş Takip'!R12, "") | S12: =IF('Hakediş Takip'!C12<>"", 'Hakediş Takip'!S12, "") | T12: =IF('Hakediş Takip'!C12<>"", 'Hakediş Takip'!T12, "") | U12: =IF('Hakediş Takip'!C12<>"", 'Hakediş Takip'!U12, "") | V12: =IF('Hakediş Takip'!C12<>"", 'Hakediş Takip'!V12, "") | W12: =IF('Hakediş Takip'!C12<>"", 'Hakediş Takip'!W12, "") | X12: =IF('Hakediş Takip'!C12<>"", 'Hakediş Takip'!X12, "") | Y12: =IF('Hakediş Takip'!C12<>"", 'Hakediş Takip'!Y12, "") | Z12: =IF('Hakediş Takip'!C12<>"", 'Hakediş Takip'!Z12, "") | AA12: =IF('Hakediş Takip'!C12<>"", 'Hakediş Takip'!AA12, "") | AB12: =IF('Hakediş Takip'!C12<>"", 'Hakediş Takip'!AB12, "") | AC12: =IF('Hakediş Takip'!C12<>"", 'Hakediş Takip'!AC12, "") | AD12: =IF('Hakediş Takip'!C12<>"", 'Hakediş Takip'!AD12, "") | AE12: =IF('Hakediş Takip'!C12<>"", 'Hakediş Takip'!AE12, "") | AF12: =IF('Hakediş Takip'!C12<>"", 'Hakediş Takip'!AF12, "") | AG12: =IF('Hakediş Takip'!C12<>"", 'Hakediş Takip'!AG12, "") | AH12: =IF('Hakediş Takip'!C12<>"", 'Hakediş Takip'!AH12, "") | AI12: =IF('Hakediş Takip'!C12<>"", 'Hakediş Takip'!AI12, "") | AJ12: =IF('Hakediş Takip'!C12<>"", 'Hakediş Takip'!AJ12, "") | AK12: =IF('Hakediş Takip'!C12<>"", 'Hakediş Takip'!AK12, "") | AL12: =IF('Hakediş Takip'!C12<>"", 'Hakediş Takip'!AL12, "") | AM12: =IF('Hakediş Takip'!C12<>"", 'Hakediş Takip'!AM12, "") | AN12: =IF('Hakediş Takip'!C12<>"", 'Hakediş Takip'!AN12, "") | AO12: =IF('Hakediş Takip'!C12<>"", 'Hakediş Takip'!AO12, "") | AP12: =IF('Hakediş Takip'!C12<>"", 'Hakediş Takip'!AP12, "") | AQ12: =IF('Hakediş Takip'!C12<>"", 'Hakediş Takip'!AQ12, "") | AR12: =IF('Hakediş Takip'!C12<>"", 'Hakediş Takip'!AR12, "") | AS12: =IF('Hakediş Takip'!C12<>"", 'Hakediş Takip'!AS12, "") | AT12: =IF('Hakediş Takip'!C12<>"", 'Hakediş Takip'!AT12, "") | AU12: =IF('Hakediş Takip'!C12<>"", 'Hakediş Takip'!AU12, "") | AV12: =IF('Hakediş Takip'!C12<>"", 'Hakediş Takip'!AV12, "") | AW12: =IF('Hakediş Takip'!C12<>"", 'Hakediş Takip'!AW12, "") | AX12: =IF('Hakediş Takip'!C12<>"", 'Hakediş Takip'!AX12, "") | AY12: =IF('Hakediş Takip'!C12<>"", 'Hakediş Takip'!AY12, "") | AZ12: =IF('Hakediş Takip'!C12<>"", 'Hakediş Takip'!AZ12, "") | BA12: =IF('Hakediş Takip'!C12<>"", 'Hakediş Takip'!BA12, "") | BB12: =IF('Hakediş Takip'!C12<>"", 'Hakediş Takip'!BB12, "") | BC12: =IF('Hakediş Takip'!C12<>"", 'Hakediş Takip'!BC12, "") | BD12: =IF('Hakediş Takip'!C12<>"", 'Hakediş Takip'!BD12, "") | BE12: =IF('Hakediş Takip'!C12<>"", 'Hakediş Takip'!BE12, "") | BF12: =IF('Hakediş Takip'!C12<>"", 'Hakediş Takip'!BF12, "") | BG12: =IF('Hakediş Takip'!C12<>"", 'Hakediş Takip'!BG12, "") | BH12: =IF('Hakediş Takip'!C12<>"", 'Hakediş Takip'!BH12, "") | BI12: =IF('Hakediş Takip'!C12<>"", 'Hakediş Takip'!BI12, "") | BJ12: =IF('Hakediş Takip'!C12<>"", 'Hakediş Takip'!BJ12, "") | BK12: =IF('Hakediş Takip'!C12<>"", 'Hakediş Takip'!BK12, "") | BL12: =IF('Hakediş Takip'!C12<>"", 'Hakediş Takip'!BL12, "") | BM12: =IF('Hakediş Takip'!C12<>"", 'Hakediş Takip'!BM12, "") | BN12: =IF('Hakediş Takip'!C12<>"", 'Hakediş Takip'!BN12, "") | BO12: =IF('Hakediş Takip'!C12<>"", 'Hakediş Takip'!BO12, "") | BP12: =IF('Hakediş Takip'!C12<>"", 'Hakediş Takip'!BP12, "")
A13: =IF('Hakediş Takip'!C13<>"", 'Hakediş Takip'!A13, "") | B13: =IF('Hakediş Takip'!C13<>"", 'Hakediş Takip'!B13, "") | C13: =IF('Hakediş Takip'!C13<>"", 'Hakediş Takip'!C13, "") | D13: =IF('Hakediş Takip'!C13<>"", 'Hakediş Takip'!D13, "") | E13: =IF('Hakediş Takip'!C13<>"", 'Hakediş Takip'!E13, "") | F13: =IF('Hakediş Takip'!C13<>"", 'Hakediş Takip'!F13, "") | G13: =IF('Hakediş Takip'!C13<>"", 'Hakediş Takip'!G13, "") | H13: =IF('Hakediş Takip'!C13<>"", 'Hakediş Takip'!H13, "") | I13: =IF('Hakediş Takip'!C13<>"", 'Hakediş Takip'!I13, "") | J13: =IF('Hakediş Takip'!C13<>"", 'Hakediş Takip'!J13, "") | K13: =IF('Hakediş Takip'!C13<>"", 'Hakediş Takip'!K13, "") | L13: =IF('Hakediş Takip'!C13<>"", 'Hakediş Takip'!L13, "") | M13: =IF('Hakediş Takip'!C13<>"", 'Hakediş Takip'!M13, "") | N13: =IF('Hakediş Takip'!C13<>"", 'Hakediş Takip'!N13, "") | O13: =IF('Hakediş Takip'!C13<>"", 'Hakediş Takip'!O13, "") | P13: =IF('Hakediş Takip'!C13<>"", 'Hakediş Takip'!P13, "") | Q13: =IF('Hakediş Takip'!C13<>"", 'Hakediş Takip'!Q13, "") | R13: =IF('Hakediş Takip'!C13<>"", 'Hakediş Takip'!R13, "") | S13: =IF('Hakediş Takip'!C13<>"", 'Hakediş Takip'!S13, "") | T13: =IF('Hakediş Takip'!C13<>"", 'Hakediş Takip'!T13, "") | U13: =IF('Hakediş Takip'!C13<>"", 'Hakediş Takip'!U13, "") | V13: =IF('Hakediş Takip'!C13<>"", 'Hakediş Takip'!V13, "") | W13: =IF('Hakediş Takip'!C13<>"", 'Hakediş Takip'!W13, "") | X13: =IF('Hakediş Takip'!C13<>"", 'Hakediş Takip'!X13, "") | Y13: =IF('Hakediş Takip'!C13<>"", 'Hakediş Takip'!Y13, "") | Z13: =IF('Hakediş Takip'!C13<>"", 'Hakediş Takip'!Z13, "") | AA13: =IF('Hakediş Takip'!C13<>"", 'Hakediş Takip'!AA13, "") | AB13: =IF('Hakediş Takip'!C13<>"", 'Hakediş Takip'!AB13, "") | AC13: =IF('Hakediş Takip'!C13<>"", 'Hakediş Takip'!AC13, "") | AD13: =IF('Hakediş Takip'!C13<>"", 'Hakediş Takip'!AD13, "") | AE13: =IF('Hakediş Takip'!C13<>"", 'Hakediş Takip'!AE13, "") | AF13: =IF('Hakediş Takip'!C13<>"", 'Hakediş Takip'!AF13, "") | AG13: =IF('Hakediş Takip'!C13<>"", 'Hakediş Takip'!AG13, "") | AH13: =IF('Hakediş Takip'!C13<>"", 'Hakediş Takip'!AH13, "") | AI13: =IF('Hakediş Takip'!C13<>"", 'Hakediş Takip'!AI13, "") | AJ13: =IF('Hakediş Takip'!C13<>"", 'Hakediş Takip'!AJ13, "") | AK13: =IF('Hakediş Takip'!C13<>"", 'Hakediş Takip'!AK13, "") | AL13: =IF('Hakediş Takip'!C13<>"", 'Hakediş Takip'!AL13, "") | AM13: =IF('Hakediş Takip'!C13<>"", 'Hakediş Takip'!AM13, "") | AN13: =IF('Hakediş Takip'!C13<>"", 'Hakediş Takip'!AN13, "") | AO13: =IF('Hakediş Takip'!C13<>"", 'Hakediş Takip'!AO13, "") | AP13: =IF('Hakediş Takip'!C13<>"", 'Hakediş Takip'!AP13, "") | AQ13: =IF('Hakediş Takip'!C13<>"", 'Hakediş Takip'!AQ13, "") | AR13: =IF('Hakediş Takip'!C13<>"", 'Hakediş Takip'!AR13, "") | AS13: =IF('Hakediş Takip'!C13<>"", 'Hakediş Takip'!AS13, "") | AT13: =IF('Hakediş Takip'!C13<>"", 'Hakediş Takip'!AT13, "") | AU13: =IF('Hakediş Takip'!C13<>"", 'Hakediş Takip'!AU13, "") | AV13: =IF('Hakediş Takip'!C13<>"", 'Hakediş Takip'!AV13, "") | AW13: =IF('Hakediş Takip'!C13<>"", 'Hakediş Takip'!AW13, "") | AX13: =IF('Hakediş Takip'!C13<>"", 'Hakediş Takip'!AX13, "") | AY13: =IF('Hakediş Takip'!C13<>"", 'Hakediş Takip'!AY13, "") | AZ13: =IF('Hakediş Takip'!C13<>"", 'Hakediş Takip'!AZ13, "") | BA13: =IF('Hakediş Takip'!C13<>"", 'Hakediş Takip'!BA13, "") | BB13: =IF('Hakediş Takip'!C13<>"", 'Hakediş Takip'!BB13, "") | BC13: =IF('Hakediş Takip'!C13<>"", 'Hakediş Takip'!BC13, "") | BD13: =IF('Hakediş Takip'!C13<>"", 'Hakediş Takip'!BD13, "") | BE13: =IF('Hakediş Takip'!C13<>"", 'Hakediş Takip'!BE13, "") | BF13: =IF('Hakediş Takip'!C13<>"", 'Hakediş Takip'!BF13, "") | BG13: =IF('Hakediş Takip'!C13<>"", 'Hakediş Takip'!BG13, "") | BH13: =IF('Hakediş Takip'!C13<>"", 'Hakediş Takip'!BH13, "") | BI13: =IF('Hakediş Takip'!C13<>"", 'Hakediş Takip'!BI13, "") | BJ13: =IF('Hakediş Takip'!C13<>"", 'Hakediş Takip'!BJ13, "") | BK13: =IF('Hakediş Takip'!C13<>"", 'Hakediş Takip'!BK13, "") | BL13: =IF('Hakediş Takip'!C13<>"", 'Hakediş Takip'!BL13, "") | BM13: =IF('Hakediş Takip'!C13<>"", 'Hakediş Takip'!BM13, "") | BN13: =IF('Hakediş Takip'!C13<>"", 'Hakediş Takip'!BN13, "") | BO13: =IF('Hakediş Takip'!C13<>"", 'Hakediş Takip'!BO13, "") | BP13: =IF('Hakediş Takip'!C13<>"", 'Hakediş Takip'!BP13, "")
A14: =IF('Hakediş Takip'!C14<>"", 'Hakediş Takip'!A14, "") | B14: =IF('Hakediş Takip'!C14<>"", 'Hakediş Takip'!B14, "") | C14: =IF('Hakediş Takip'!C14<>"", 'Hakediş Takip'!C14, "") | D14: =IF('Hakediş Takip'!C14<>"", 'Hakediş Takip'!D14, "") | E14: =IF('Hakediş Takip'!C14<>"", 'Hakediş Takip'!E14, "") | F14: =IF('Hakediş Takip'!C14<>"", 'Hakediş Takip'!F14, "") | G14: =IF('Hakediş Takip'!C14<>"", 'Hakediş Takip'!G14, "") | H14: =IF('Hakediş Takip'!C14<>"", 'Hakediş Takip'!H14, "") | I14: =IF('Hakediş Takip'!C14<>"", 'Hakediş Takip'!I14, "") | J14: =IF('Hakediş Takip'!C14<>"", 'Hakediş Takip'!J14, "") | K14: =IF('Hakediş Takip'!C14<>"", 'Hakediş Takip'!K14, "") | L14: =IF('Hakediş Takip'!C14<>"", 'Hakediş Takip'!L14, "") | M14: =IF('Hakediş Takip'!C14<>"", 'Hakediş Takip'!M14, "") | N14: =IF('Hakediş Takip'!C14<>"", 'Hakediş Takip'!N14, "") | O14: =IF('Hakediş Takip'!C14<>"", 'Hakediş Takip'!O14, "") | P14: =IF('Hakediş Takip'!C14<>"", 'Hakediş Takip'!P14, "") | Q14: =IF('Hakediş Takip'!C14<>"", 'Hakediş Takip'!Q14, "") | R14: =IF('Hakediş Takip'!C14<>"", 'Hakediş Takip'!R14, "") | S14: =IF('Hakediş Takip'!C14<>"", 'Hakediş Takip'!S14, "") | T14: =IF('Hakediş Takip'!C14<>"", 'Hakediş Takip'!T14, "") | U14: =IF('Hakediş Takip'!C14<>"", 'Hakediş Takip'!U14, "") | V14: =IF('Hakediş Takip'!C14<>"", 'Hakediş Takip'!V14, "") | W14: =IF('Hakediş Takip'!C14<>"", 'Hakediş Takip'!W14, "") | X14: =IF('Hakediş Takip'!C14<>"", 'Hakediş Takip'!X14, "") | Y14: =IF('Hakediş Takip'!C14<>"", 'Hakediş Takip'!Y14, "") | Z14: =IF('Hakediş Takip'!C14<>"", 'Hakediş Takip'!Z14, "") | AA14: =IF('Hakediş Takip'!C14<>"", 'Hakediş Takip'!AA14, "") | AB14: =IF('Hakediş Takip'!C14<>"", 'Hakediş Takip'!AB14, "") | AC14: =IF('Hakediş Takip'!C14<>"", 'Hakediş Takip'!AC14, "") | AD14: =IF('Hakediş Takip'!C14<>"", 'Hakediş Takip'!AD14, "") | AE14: =IF('Hakediş Takip'!C14<>"", 'Hakediş Takip'!AE14, "") | AF14: =IF('Hakediş Takip'!C14<>"", 'Hakediş Takip'!AF14, "") | AG14: =IF('Hakediş Takip'!C14<>"", 'Hakediş Takip'!AG14, "") | AH14: =IF('Hakediş Takip'!C14<>"", 'Hakediş Takip'!AH14, "") | AI14: =IF('Hakediş Takip'!C14<>"", 'Hakediş Takip'!AI14, "") | AJ14: =IF('Hakediş Takip'!C14<>"", 'Hakediş Takip'!AJ14, "") | AK14: =IF('Hakediş Takip'!C14<>"", 'Hakediş Takip'!AK14, "") | AL14: =IF('Hakediş Takip'!C14<>"", 'Hakediş Takip'!AL14, "") | AM14: =IF('Hakediş Takip'!C14<>"", 'Hakediş Takip'!AM14, "") | AN14: =IF('Hakediş Takip'!C14<>"", 'Hakediş Takip'!AN14, "") | AO14: =IF('Hakediş Takip'!C14<>"", 'Hakediş Takip'!AO14, "") | AP14: =IF('Hakediş Takip'!C14<>"", 'Hakediş Takip'!AP14, "") | AQ14: =IF('Hakediş Takip'!C14<>"", 'Hakediş Takip'!AQ14, "") | AR14: =IF('Hakediş Takip'!C14<>"", 'Hakediş Takip'!AR14, "") | AS14: =IF('Hakediş Takip'!C14<>"", 'Hakediş Takip'!AS14, "") | AT14: =IF('Hakediş Takip'!C14<>"", 'Hakediş Takip'!AT14, "") | AU14: =IF('Hakediş Takip'!C14<>"", 'Hakediş Takip'!AU14, "") | AV14: =IF('Hakediş Takip'!C14<>"", 'Hakediş Takip'!AV14, "") | AW14: =IF('Hakediş Takip'!C14<>"", 'Hakediş Takip'!AW14, "") | AX14: =IF('Hakediş Takip'!C14<>"", 'Hakediş Takip'!AX14, "") | AY14: =IF('Hakediş Takip'!C14<>"", 'Hakediş Takip'!AY14, "") | AZ14: =IF('Hakediş Takip'!C14<>"", 'Hakediş Takip'!AZ14, "") | BA14: =IF('Hakediş Takip'!C14<>"", 'Hakediş Takip'!BA14, "") | BB14: =IF('Hakediş Takip'!C14<>"", 'Hakediş Takip'!BB14, "") | BC14: =IF('Hakediş Takip'!C14<>"", 'Hakediş Takip'!BC14, "") | BD14: =IF('Hakediş Takip'!C14<>"", 'Hakediş Takip'!BD14, "") | BE14: =IF('Hakediş Takip'!C14<>"", 'Hakediş Takip'!BE14, "") | BF14: =IF('Hakediş Takip'!C14<>"", 'Hakediş Takip'!BF14, "") | BG14: =IF('Hakediş Takip'!C14<>"", 'Hakediş Takip'!BG14, "") | BH14: =IF('Hakediş Takip'!C14<>"", 'Hakediş Takip'!BH14, "") | BI14: =IF('Hakediş Takip'!C14<>"", 'Hakediş Takip'!BI14, "") | BJ14: =IF('Hakediş Takip'!C14<>"", 'Hakediş Takip'!BJ14, "") | BK14: =IF('Hakediş Takip'!C14<>"", 'Hakediş Takip'!BK14, "") | BL14: =IF('Hakediş Takip'!C14<>"", 'Hakediş Takip'!BL14, "") | BM14: =IF('Hakediş Takip'!C14<>"", 'Hakediş Takip'!BM14, "") | BN14: =IF('Hakediş Takip'!C14<>"", 'Hakediş Takip'!BN14, "") | BO14: =IF('Hakediş Takip'!C14<>"", 'Hakediş Takip'!BO14, "") | BP14: =IF('Hakediş Takip'!C14<>"", 'Hakediş Takip'!BP14, "")
A15: =IF('Hakediş Takip'!C15<>"", 'Hakediş Takip'!A15, "") | B15: =IF('Hakediş Takip'!C15<>"", 'Hakediş Takip'!B15, "") | C15: =IF('Hakediş Takip'!C15<>"", 'Hakediş Takip'!C15, "") | D15: =IF('Hakediş Takip'!C15<>"", 'Hakediş Takip'!D15, "") | E15: =IF('Hakediş Takip'!C15<>"", 'Hakediş Takip'!E15, "") | F15: =IF('Hakediş Takip'!C15<>"", 'Hakediş Takip'!F15, "") | G15: =IF('Hakediş Takip'!C15<>"", 'Hakediş Takip'!G15, "") | H15: =IF('Hakediş Takip'!C15<>"", 'Hakediş Takip'!H15, "") | I15: =IF('Hakediş Takip'!C15<>"", 'Hakediş Takip'!I15, "") | J15: =IF('Hakediş Takip'!C15<>"", 'Hakediş Takip'!J15, "") | K15: =IF('Hakediş Takip'!C15<>"", 'Hakediş Takip'!K15, "") | L15: =IF('Hakediş Takip'!C15<>"", 'Hakediş Takip'!L15, "") | M15: =IF('Hakediş Takip'!C15<>"", 'Hakediş Takip'!M15, "") | N15: =IF('Hakediş Takip'!C15<>"", 'Hakediş Takip'!N15, "") | O15: =IF('Hakediş Takip'!C15<>"", 'Hakediş Takip'!O15, "") | P15: =IF('Hakediş Takip'!C15<>"", 'Hakediş Takip'!P15, "") | Q15: =IF('Hakediş Takip'!C15<>"", 'Hakediş Takip'!Q15, "") | R15: =IF('Hakediş Takip'!C15<>"", 'Hakediş Takip'!R15, "") | S15: =IF('Hakediş Takip'!C15<>"", 'Hakediş Takip'!S15, "") | T15: =IF('Hakediş Takip'!C15<>"", 'Hakediş Takip'!T15, "") | U15: =IF('Hakediş Takip'!C15<>"", 'Hakediş Takip'!U15, "") | V15: =IF('Hakediş Takip'!C15<>"", 'Hakediş Takip'!V15, "") | W15: =IF('Hakediş Takip'!C15<>"", 'Hakediş Takip'!W15, "") | X15: =IF('Hakediş Takip'!C15<>"", 'Hakediş Takip'!X15, "") | Y15: =IF('Hakediş Takip'!C15<>"", 'Hakediş Takip'!Y15, "") | Z15: =IF('Hakediş Takip'!C15<>"", 'Hakediş Takip'!Z15, "") | AA15: =IF('Hakediş Takip'!C15<>"", 'Hakediş Takip'!AA15, "") | AB15: =IF('Hakediş Takip'!C15<>"", 'Hakediş Takip'!AB15, "") | AC15: =IF('Hakediş Takip'!C15<>"", 'Hakediş Takip'!AC15, "") | AD15: =IF('Hakediş Takip'!C15<>"", 'Hakediş Takip'!AD15, "") | AE15: =IF('Hakediş Takip'!C15<>"", 'Hakediş Takip'!AE15, "") | AF15: =IF('Hakediş Takip'!C15<>"", 'Hakediş Takip'!AF15, "") | AG15: =IF('Hakediş Takip'!C15<>"", 'Hakediş Takip'!AG15, "") | AH15: =IF('Hakediş Takip'!C15<>"", 'Hakediş Takip'!AH15, "") | AI15: =IF('Hakediş Takip'!C15<>"", 'Hakediş Takip'!AI15, "") | AJ15: =IF('Hakediş Takip'!C15<>"", 'Hakediş Takip'!AJ15, "") | AK15: =IF('Hakediş Takip'!C15<>"", 'Hakediş Takip'!AK15, "") | AL15: =IF('Hakediş Takip'!C15<>"", 'Hakediş Takip'!AL15, "") | AM15: =IF('Hakediş Takip'!C15<>"", 'Hakediş Takip'!AM15, "") | AN15: =IF('Hakediş Takip'!C15<>"", 'Hakediş Takip'!AN15, "") | AO15: =IF('Hakediş Takip'!C15<>"", 'Hakediş Takip'!AO15, "") | AP15: =IF('Hakediş Takip'!C15<>"", 'Hakediş Takip'!AP15, "") | AQ15: =IF('Hakediş Takip'!C15<>"", 'Hakediş Takip'!AQ15, "") | AR15: =IF('Hakediş Takip'!C15<>"", 'Hakediş Takip'!AR15, "") | AS15: =IF('Hakediş Takip'!C15<>"", 'Hakediş Takip'!AS15, "") | AT15: =IF('Hakediş Takip'!C15<>"", 'Hakediş Takip'!AT15, "") | AU15: =IF('Hakediş Takip'!C15<>"", 'Hakediş Takip'!AU15, "") | AV15: =IF('Hakediş Takip'!C15<>"", 'Hakediş Takip'!AV15, "") | AW15: =IF('Hakediş Takip'!C15<>"", 'Hakediş Takip'!AW15, "") | AX15: =IF('Hakediş Takip'!C15<>"", 'Hakediş Takip'!AX15, "") | AY15: =IF('Hakediş Takip'!C15<>"", 'Hakediş Takip'!AY15, "") | AZ15: =IF('Hakediş Takip'!C15<>"", 'Hakediş Takip'!AZ15, "") | BA15: =IF('Hakediş Takip'!C15<>"", 'Hakediş Takip'!BA15, "") | BB15: =IF('Hakediş Takip'!C15<>"", 'Hakediş Takip'!BB15, "") | BC15: =IF('Hakediş Takip'!C15<>"", 'Hakediş Takip'!BC15, "") | BD15: =IF('Hakediş Takip'!C15<>"", 'Hakediş Takip'!BD15, "") | BE15: =IF('Hakediş Takip'!C15<>"", 'Hakediş Takip'!BE15, "") | BF15: =IF('Hakediş Takip'!C15<>"", 'Hakediş Takip'!BF15, "") | BG15: =IF('Hakediş Takip'!C15<>"", 'Hakediş Takip'!BG15, "") | BH15: =IF('Hakediş Takip'!C15<>"", 'Hakediş Takip'!BH15, "") | BI15: =IF('Hakediş Takip'!C15<>"", 'Hakediş Takip'!BI15, "") | BJ15: =IF('Hakediş Takip'!C15<>"", 'Hakediş Takip'!BJ15, "") | BK15: =IF('Hakediş Takip'!C15<>"", 'Hakediş Takip'!BK15, "") | BL15: =IF('Hakediş Takip'!C15<>"", 'Hakediş Takip'!BL15, "") | BM15: =IF('Hakediş Takip'!C15<>"", 'Hakediş Takip'!BM15, "") | BN15: =IF('Hakediş Takip'!C15<>"", 'Hakediş Takip'!BN15, "") | BO15: =IF('Hakediş Takip'!C15<>"", 'Hakediş Takip'!BO15, "") | BP15: =IF('Hakediş Takip'!C15<>"", 'Hakediş Takip'!BP15, "")
A16: =IF('Hakediş Takip'!C16<>"", 'Hakediş Takip'!A16, "") | B16: =IF('Hakediş Takip'!C16<>"", 'Hakediş Takip'!B16, "") | C16: =IF('Hakediş Takip'!C16<>"", 'Hakediş Takip'!C16, "") | D16: =IF('Hakediş Takip'!C16<>"", 'Hakediş Takip'!D16, "") | E16: =IF('Hakediş Takip'!C16<>"", 'Hakediş Takip'!E16, "") | F16: =IF('Hakediş Takip'!C16<>"", 'Hakediş Takip'!F16, "") | G16: =IF('Hakediş Takip'!C16<>"", 'Hakediş Takip'!G16, "") | H16: =IF('Hakediş Takip'!C16<>"", 'Hakediş Takip'!H16, "") | I16: =IF('Hakediş Takip'!C16<>"", 'Hakediş Takip'!I16, "") | J16: =IF('Hakediş Takip'!C16<>"", 'Hakediş Takip'!J16, "") | K16: =IF('Hakediş Takip'!C16<>"", 'Hakediş Takip'!K16, "") | L16: =IF('Hakediş Takip'!C16<>"", 'Hakediş Takip'!L16, "") | M16: =IF('Hakediş Takip'!C16<>"", 'Hakediş Takip'!M16, "") | N16: =IF('Hakediş Takip'!C16<>"", 'Hakediş Takip'!N16, "") | O16: =IF('Hakediş Takip'!C16<>"", 'Hakediş Takip'!O16, "") | P16: =IF('Hakediş Takip'!C16<>"", 'Hakediş Takip'!P16, "") | Q16: =IF('Hakediş Takip'!C16<>"", 'Hakediş Takip'!Q16, "") | R16: =IF('Hakediş Takip'!C16<>"", 'Hakediş Takip'!R16, "") | S16: =IF('Hakediş Takip'!C16<>"", 'Hakediş Takip'!S16, "") | T16: =IF('Hakediş Takip'!C16<>"", 'Hakediş Takip'!T16, "") | U16: =IF('Hakediş Takip'!C16<>"", 'Hakediş Takip'!U16, "") | V16: =IF('Hakediş Takip'!C16<>"", 'Hakediş Takip'!V16, "") | W16: =IF('Hakediş Takip'!C16<>"", 'Hakediş Takip'!W16, "") | X16: =IF('Hakediş Takip'!C16<>"", 'Hakediş Takip'!X16, "") | Y16: =IF('Hakediş Takip'!C16<>"", 'Hakediş Takip'!Y16, "") | Z16: =IF('Hakediş Takip'!C16<>"", 'Hakediş Takip'!Z16, "") | AA16: =IF('Hakediş Takip'!C16<>"", 'Hakediş Takip'!AA16, "") | AB16: =IF('Hakediş Takip'!C16<>"", 'Hakediş Takip'!AB16, "") | AC16: =IF('Hakediş Takip'!C16<>"", 'Hakediş Takip'!AC16, "") | AD16: =IF('Hakediş Takip'!C16<>"", 'Hakediş Takip'!AD16, "") | AE16: =IF('Hakediş Takip'!C16<>"", 'Hakediş Takip'!AE16, "") | AF16: =IF('Hakediş Takip'!C16<>"", 'Hakediş Takip'!AF16, "") | AG16: =IF('Hakediş Takip'!C16<>"", 'Hakediş Takip'!AG16, "") | AH16: =IF('Hakediş Takip'!C16<>"", 'Hakediş Takip'!AH16, "") | AI16: =IF('Hakediş Takip'!C16<>"", 'Hakediş Takip'!AI16, "") | AJ16: =IF('Hakediş Takip'!C16<>"", 'Hakediş Takip'!AJ16, "") | AK16: =IF('Hakediş Takip'!C16<>"", 'Hakediş Takip'!AK16, "") | AL16: =IF('Hakediş Takip'!C16<>"", 'Hakediş Takip'!AL16, "") | AM16: =IF('Hakediş Takip'!C16<>"", 'Hakediş Takip'!AM16, "") | AN16: =IF('Hakediş Takip'!C16<>"", 'Hakediş Takip'!AN16, "") | AO16: =IF('Hakediş Takip'!C16<>"", 'Hakediş Takip'!AO16, "") | AP16: =IF('Hakediş Takip'!C16<>"", 'Hakediş Takip'!AP16, "") | AQ16: =IF('Hakediş Takip'!C16<>"", 'Hakediş Takip'!AQ16, "") | AR16: =IF('Hakediş Takip'!C16<>"", 'Hakediş Takip'!AR16, "") | AS16: =IF('Hakediş Takip'!C16<>"", 'Hakediş Takip'!AS16, "") | AT16: =IF('Hakediş Takip'!C16<>"", 'Hakediş Takip'!AT16, "") | AU16: =IF('Hakediş Takip'!C16<>"", 'Hakediş Takip'!AU16, "") | AV16: =IF('Hakediş Takip'!C16<>"", 'Hakediş Takip'!AV16, "") | AW16: =IF('Hakediş Takip'!C16<>"", 'Hakediş Takip'!AW16, "") | AX16: =IF('Hakediş Takip'!C16<>"", 'Hakediş Takip'!AX16, "") | AY16: =IF('Hakediş Takip'!C16<>"", 'Hakediş Takip'!AY16, "") | AZ16: =IF('Hakediş Takip'!C16<>"", 'Hakediş Takip'!AZ16, "") | BA16: =IF('Hakediş Takip'!C16<>"", 'Hakediş Takip'!BA16, "") | BB16: =IF('Hakediş Takip'!C16<>"", 'Hakediş Takip'!BB16, "") | BC16: =IF('Hakediş Takip'!C16<>"", 'Hakediş Takip'!BC16, "") | BD16: =IF('Hakediş Takip'!C16<>"", 'Hakediş Takip'!BD16, "") | BE16: =IF('Hakediş Takip'!C16<>"", 'Hakediş Takip'!BE16, "") | BF16: =IF('Hakediş Takip'!C16<>"", 'Hakediş Takip'!BF16, "") | BG16: =IF('Hakediş Takip'!C16<>"", 'Hakediş Takip'!BG16, "") | BH16: =IF('Hakediş Takip'!C16<>"", 'Hakediş Takip'!BH16, "") | BI16: =IF('Hakediş Takip'!C16<>"", 'Hakediş Takip'!BI16, "") | BJ16: =IF('Hakediş Takip'!C16<>"", 'Hakediş Takip'!BJ16, "") | BK16: =IF('Hakediş Takip'!C16<>"", 'Hakediş Takip'!BK16, "") | BL16: =IF('Hakediş Takip'!C16<>"", 'Hakediş Takip'!BL16, "") | BM16: =IF('Hakediş Takip'!C16<>"", 'Hakediş Takip'!BM16, "") | BN16: =IF('Hakediş Takip'!C16<>"", 'Hakediş Takip'!BN16, "") | BO16: =IF('Hakediş Takip'!C16<>"", 'Hakediş Takip'!BO16, "") | BP16: =IF('Hakediş Takip'!C16<>"", 'Hakediş Takip'!BP16, "")
A17: =IF('Hakediş Takip'!C17<>"", 'Hakediş Takip'!A17, "") | B17: =IF('Hakediş Takip'!C17<>"", 'Hakediş Takip'!B17, "") | C17: =IF('Hakediş Takip'!C17<>"", 'Hakediş Takip'!C17, "") | D17: =IF('Hakediş Takip'!C17<>"", 'Hakediş Takip'!D17, "") | E17: =IF('Hakediş Takip'!C17<>"", 'Hakediş Takip'!E17, "") | F17: =IF('Hakediş Takip'!C17<>"", 'Hakediş Takip'!F17, "") | G17: =IF('Hakediş Takip'!C17<>"", 'Hakediş Takip'!G17, "") | H17: =IF('Hakediş Takip'!C17<>"", 'Hakediş Takip'!H17, "") | I17: =IF('Hakediş Takip'!C17<>"", 'Hakediş Takip'!I17, "") | J17: =IF('Hakediş Takip'!C17<>"", 'Hakediş Takip'!J17, "") | K17: =IF('Hakediş Takip'!C17<>"", 'Hakediş Takip'!K17, "") | L17: =IF('Hakediş Takip'!C17<>"", 'Hakediş Takip'!L17, "") | M17: =IF('Hakediş Takip'!C17<>"", 'Hakediş Takip'!M17, "") | N17: =IF('Hakediş Takip'!C17<>"", 'Hakediş Takip'!N17, "") | O17: =IF('Hakediş Takip'!C17<>"", 'Hakediş Takip'!O17, "") | P17: =IF('Hakediş Takip'!C17<>"", 'Hakediş Takip'!P17, "") | Q17: =IF('Hakediş Takip'!C17<>"", 'Hakediş Takip'!Q17, "") | R17: =IF('Hakediş Takip'!C17<>"", 'Hakediş Takip'!R17, "") | S17: =IF('Hakediş Takip'!C17<>"", 'Hakediş Takip'!S17, "") | T17: =IF('Hakediş Takip'!C17<>"", 'Hakediş Takip'!T17, "") | U17: =IF('Hakediş Takip'!C17<>"", 'Hakediş Takip'!U17, "") | V17: =IF('Hakediş Takip'!C17<>"", 'Hakediş Takip'!V17, "") | W17: =IF('Hakediş Takip'!C17<>"", 'Hakediş Takip'!W17, "") | X17: =IF('Hakediş Takip'!C17<>"", 'Hakediş Takip'!X17, "") | Y17: =IF('Hakediş Takip'!C17<>"", 'Hakediş Takip'!Y17, "") | Z17: =IF('Hakediş Takip'!C17<>"", 'Hakediş Takip'!Z17, "") | AA17: =IF('Hakediş Takip'!C17<>"", 'Hakediş Takip'!AA17, "") | AB17: =IF('Hakediş Takip'!C17<>"", 'Hakediş Takip'!AB17, "") | AC17: =IF('Hakediş Takip'!C17<>"", 'Hakediş Takip'!AC17, "") | AD17: =IF('Hakediş Takip'!C17<>"", 'Hakediş Takip'!AD17, "") | AE17: =IF('Hakediş Takip'!C17<>"", 'Hakediş Takip'!AE17, "") | AF17: =IF('Hakediş Takip'!C17<>"", 'Hakediş Takip'!AF17, "") | AG17: =IF('Hakediş Takip'!C17<>"", 'Hakediş Takip'!AG17, "") | AH17: =IF('Hakediş Takip'!C17<>"", 'Hakediş Takip'!AH17, "") | AI17: =IF('Hakediş Takip'!C17<>"", 'Hakediş Takip'!AI17, "") | AJ17: =IF('Hakediş Takip'!C17<>"", 'Hakediş Takip'!AJ17, "") | AK17: =IF('Hakediş Takip'!C17<>"", 'Hakediş Takip'!AK17, "") | AL17: =IF('Hakediş Takip'!C17<>"", 'Hakediş Takip'!AL17, "") | AM17: =IF('Hakediş Takip'!C17<>"", 'Hakediş Takip'!AM17, "") | AN17: =IF('Hakediş Takip'!C17<>"", 'Hakediş Takip'!AN17, "") | AO17: =IF('Hakediş Takip'!C17<>"", 'Hakediş Takip'!AO17, "") | AP17: =IF('Hakediş Takip'!C17<>"", 'Hakediş Takip'!AP17, "") | AQ17: =IF('Hakediş Takip'!C17<>"", 'Hakediş Takip'!AQ17, "") | AR17: =IF('Hakediş Takip'!C17<>"", 'Hakediş Takip'!AR17, "") | AS17: =IF('Hakediş Takip'!C17<>"", 'Hakediş Takip'!AS17, "") | AT17: =IF('Hakediş Takip'!C17<>"", 'Hakediş Takip'!AT17, "") | AU17: =IF('Hakediş Takip'!C17<>"", 'Hakediş Takip'!AU17, "") | AV17: =IF('Hakediş Takip'!C17<>"", 'Hakediş Takip'!AV17, "") | AW17: =IF('Hakediş Takip'!C17<>"", 'Hakediş Takip'!AW17, "") | AX17: =IF('Hakediş Takip'!C17<>"", 'Hakediş Takip'!AX17, "") | AY17: =IF('Hakediş Takip'!C17<>"", 'Hakediş Takip'!AY17, "") | AZ17: =IF('Hakediş Takip'!C17<>"", 'Hakediş Takip'!AZ17, "") | BA17: =IF('Hakediş Takip'!C17<>"", 'Hakediş Takip'!BA17, "") | BB17: =IF('Hakediş Takip'!C17<>"", 'Hakediş Takip'!BB17, "") | BC17: =IF('Hakediş Takip'!C17<>"", 'Hakediş Takip'!BC17, "") | BD17: =IF('Hakediş Takip'!C17<>"", 'Hakediş Takip'!BD17, "") | BE17: =IF('Hakediş Takip'!C17<>"", 'Hakediş Takip'!BE17, "") | BF17: =IF('Hakediş Takip'!C17<>"", 'Hakediş Takip'!BF17, "") | BG17: =IF('Hakediş Takip'!C17<>"", 'Hakediş Takip'!BG17, "") | BH17: =IF('Hakediş Takip'!C17<>"", 'Hakediş Takip'!BH17, "") | BI17: =IF('Hakediş Takip'!C17<>"", 'Hakediş Takip'!BI17, "") | BJ17: =IF('Hakediş Takip'!C17<>"", 'Hakediş Takip'!BJ17, "") | BK17: =IF('Hakediş Takip'!C17<>"", 'Hakediş Takip'!BK17, "") | BL17: =IF('Hakediş Takip'!C17<>"", 'Hakediş Takip'!BL17, "") | BM17: =IF('Hakediş Takip'!C17<>"", 'Hakediş Takip'!BM17, "") | BN17: =IF('Hakediş Takip'!C17<>"", 'Hakediş Takip'!BN17, "") | BO17: =IF('Hakediş Takip'!C17<>"", 'Hakediş Takip'!BO17, "") | BP17: =IF('Hakediş Takip'!C17<>"", 'Hakediş Takip'!BP17, "")
A18: =IF('Hakediş Takip'!C18<>"", 'Hakediş Takip'!A18, "") | B18: =IF('Hakediş Takip'!C18<>"", 'Hakediş Takip'!B18, "") | C18: =IF('Hakediş Takip'!C18<>"", 'Hakediş Takip'!C18, "") | D18: =IF('Hakediş Takip'!C18<>"", 'Hakediş Takip'!D18, "") | E18: =IF('Hakediş Takip'!C18<>"", 'Hakediş Takip'!E18, "") | F18: =IF('Hakediş Takip'!C18<>"", 'Hakediş Takip'!F18, "") | G18: =IF('Hakediş Takip'!C18<>"", 'Hakediş Takip'!G18, "") | H18: =IF('Hakediş Takip'!C18<>"", 'Hakediş Takip'!H18, "") | I18: =IF('Hakediş Takip'!C18<>"", 'Hakediş Takip'!I18, "") | J18: =IF('Hakediş Takip'!C18<>"", 'Hakediş Takip'!J18, "") | K18: =IF('Hakediş Takip'!C18<>"", 'Hakediş Takip'!K18, "") | L18: =IF('Hakediş Takip'!C18<>"", 'Hakediş Takip'!L18, "") | M18: =IF('Hakediş Takip'!C18<>"", 'Hakediş Takip'!M18, "") | N18: =IF('Hakediş Takip'!C18<>"", 'Hakediş Takip'!N18, "") | O18: =IF('Hakediş Takip'!C18<>"", 'Hakediş Takip'!O18, "") | P18: =IF('Hakediş Takip'!C18<>"", 'Hakediş Takip'!P18, "") | Q18: =IF('Hakediş Takip'!C18<>"", 'Hakediş Takip'!Q18, "") | R18: =IF('Hakediş Takip'!C18<>"", 'Hakediş Takip'!R18, "") | S18: =IF('Hakediş Takip'!C18<>"", 'Hakediş Takip'!S18, "") | T18: =IF('Hakediş Takip'!C18<>"", 'Hakediş Takip'!T18, "") | U18: =IF('Hakediş Takip'!C18<>"", 'Hakediş Takip'!U18, "") | V18: =IF('Hakediş Takip'!C18<>"", 'Hakediş Takip'!V18, "") | W18: =IF('Hakediş Takip'!C18<>"", 'Hakediş Takip'!W18, "") | X18: =IF('Hakediş Takip'!C18<>"", 'Hakediş Takip'!X18, "") | Y18: =IF('Hakediş Takip'!C18<>"", 'Hakediş Takip'!Y18, "") | Z18: =IF('Hakediş Takip'!C18<>"", 'Hakediş Takip'!Z18, "") | AA18: =IF('Hakediş Takip'!C18<>"", 'Hakediş Takip'!AA18, "") | AB18: =IF('Hakediş Takip'!C18<>"", 'Hakediş Takip'!AB18, "") | AC18: =IF('Hakediş Takip'!C18<>"", 'Hakediş Takip'!AC18, "") | AD18: =IF('Hakediş Takip'!C18<>"", 'Hakediş Takip'!AD18, "") | AE18: =IF('Hakediş Takip'!C18<>"", 'Hakediş Takip'!AE18, "") | AF18: =IF('Hakediş Takip'!C18<>"", 'Hakediş Takip'!AF18, "") | AG18: =IF('Hakediş Takip'!C18<>"", 'Hakediş Takip'!AG18, "") | AH18: =IF('Hakediş Takip'!C18<>"", 'Hakediş Takip'!AH18, "") | AI18: =IF('Hakediş Takip'!C18<>"", 'Hakediş Takip'!AI18, "") | AJ18: =IF('Hakediş Takip'!C18<>"", 'Hakediş Takip'!AJ18, "") | AK18: =IF('Hakediş Takip'!C18<>"", 'Hakediş Takip'!AK18, "") | AL18: =IF('Hakediş Takip'!C18<>"", 'Hakediş Takip'!AL18, "") | AM18: =IF('Hakediş Takip'!C18<>"", 'Hakediş Takip'!AM18, "") | AN18: =IF('Hakediş Takip'!C18<>"", 'Hakediş Takip'!AN18, "") | AO18: =IF('Hakediş Takip'!C18<>"", 'Hakediş Takip'!AO18, "") | AP18: =IF('Hakediş Takip'!C18<>"", 'Hakediş Takip'!AP18, "") | AQ18: =IF('Hakediş Takip'!C18<>"", 'Hakediş Takip'!AQ18, "") | AR18: =IF('Hakediş Takip'!C18<>"", 'Hakediş Takip'!AR18, "") | AS18: =IF('Hakediş Takip'!C18<>"", 'Hakediş Takip'!AS18, "") | AT18: =IF('Hakediş Takip'!C18<>"", 'Hakediş Takip'!AT18, "") | AU18: =IF('Hakediş Takip'!C18<>"", 'Hakediş Takip'!AU18, "") | AV18: =IF('Hakediş Takip'!C18<>"", 'Hakediş Takip'!AV18, "") | AW18: =IF('Hakediş Takip'!C18<>"", 'Hakediş Takip'!AW18, "") | AX18: =IF('Hakediş Takip'!C18<>"", 'Hakediş Takip'!AX18, "") | AY18: =IF('Hakediş Takip'!C18<>"", 'Hakediş Takip'!AY18, "") | AZ18: =IF('Hakediş Takip'!C18<>"", 'Hakediş Takip'!AZ18, "") | BA18: =IF('Hakediş Takip'!C18<>"", 'Hakediş Takip'!BA18, "") | BB18: =IF('Hakediş Takip'!C18<>"", 'Hakediş Takip'!BB18, "") | BC18: =IF('Hakediş Takip'!C18<>"", 'Hakediş Takip'!BC18, "") | BD18: =IF('Hakediş Takip'!C18<>"", 'Hakediş Takip'!BD18, "") | BE18: =IF('Hakediş Takip'!C18<>"", 'Hakediş Takip'!BE18, "") | BF18: =IF('Hakediş Takip'!C18<>"", 'Hakediş Takip'!BF18, "") | BG18: =IF('Hakediş Takip'!C18<>"", 'Hakediş Takip'!BG18, "") | BH18: =IF('Hakediş Takip'!C18<>"", 'Hakediş Takip'!BH18, "") | BI18: =IF('Hakediş Takip'!C18<>"", 'Hakediş Takip'!BI18, "") | BJ18: =IF('Hakediş Takip'!C18<>"", 'Hakediş Takip'!BJ18, "") | BK18: =IF('Hakediş Takip'!C18<>"", 'Hakediş Takip'!BK18, "") | BL18: =IF('Hakediş Takip'!C18<>"", 'Hakediş Takip'!BL18, "") | BM18: =IF('Hakediş Takip'!C18<>"", 'Hakediş Takip'!BM18, "") | BN18: =IF('Hakediş Takip'!C18<>"", 'Hakediş Takip'!BN18, "") | BO18: =IF('Hakediş Takip'!C18<>"", 'Hakediş Takip'!BO18, "") | BP18: =IF('Hakediş Takip'!C18<>"", 'Hakediş Takip'!BP18, "")
... A30: =IF('Hakediş Takip'!C30<>"", 'Hakediş Takip'!A30, "") | B30: =IF('Hakediş Takip'!C30<>"", 'Hakediş Takip'!B30, "") | C30: =IF('Hakediş Takip'!C30<>"", 'Hakediş Takip'!C30, "") | D30: =IF('Hakediş Takip'!C30<>"", 'Hakediş Takip'!D30, "") | E30: =IF('Hakediş Takip'!C30<>"", 'Hakediş Takip'!E30, "") | F30: =IF('Hakediş Takip'!C30<>"", 'Hakediş Takip'!F30, "") | G30: =IF('Hakediş Takip'!C30<>"", 'Hakediş Takip'!G30, "") | H30: =IF('Hakediş Takip'!C30<>"", 'Hakediş Takip'!H30, "") | I30: =IF('Hakediş Takip'!C30<>"", 'Hakediş Takip'!I30, "") | J30: =IF('Hakediş Takip'!C30<>"", 'Hakediş Takip'!J30, "") | K30: =IF('Hakediş Takip'!C30<>"", 'Hakediş Takip'!K30, "") | L30: =IF('Hakediş Takip'!C30<>"", 'Hakediş Takip'!L30, "") | M30: =IF('Hakediş Takip'!C30<>"", 'Hakediş Takip'!M30, "") | N30: =IF('Hakediş Takip'!C30<>"", 'Hakediş Takip'!N30, "") | O30: =IF('Hakediş Takip'!C30<>"", 'Hakediş Takip'!O30, "") | P30: =IF('Hakediş Takip'!C30<>"", 'Hakediş Takip'!P30, "") | Q30: =IF('Hakediş Takip'!C30<>"", 'Hakediş Takip'!Q30, "") | R30: =IF('Hakediş Takip'!C30<>"", 'Hakediş Takip'!R30, "") | S30: =IF('Hakediş Takip'!C30<>"", 'Hakediş Takip'!S30, "") | T30: =IF('Hakediş Takip'!C30<>"", 'Hakediş Takip'!T30, "") | U30: =IF('Hakediş Takip'!C30<>"", 'Hakediş Takip'!U30, "") | V30: =IF('Hakediş Takip'!C30<>"", 'Hakediş Takip'!V30, "") | W30: =IF('Hakediş Takip'!C30<>"", 'Hakediş Takip'!W30, "") | X30: =IF('Hakediş Takip'!C30<>"", 'Hakediş Takip'!X30, "") | Y30: =IF('Hakediş Takip'!C30<>"", 'Hakediş Takip'!Y30, "") | Z30: =IF('Hakediş Takip'!C30<>"", 'Hakediş Takip'!Z30, "") | AA30: =IF('Hakediş Takip'!C30<>"", 'Hakediş Takip'!AA30, "") | AB30: =IF('Hakediş Takip'!C30<>"", 'Hakediş Takip'!AB30, "") | AC30: =IF('Hakediş Takip'!C30<>"", 'Hakediş Takip'!AC30, "") | AD30: =IF('Hakediş Takip'!C30<>"", 'Hakediş Takip'!AD30, "") | AE30: =IF('Hakediş Takip'!C30<>"", 'Hakediş Takip'!AE30, "") | AF30: =IF('Hakediş Takip'!C30<>"", 'Hakediş Takip'!AF30, "") | AG30: =IF('Hakediş Takip'!C30<>"", 'Hakediş Takip'!AG30, "") | AH30: =IF('Hakediş Takip'!C30<>"", 'Hakediş Takip'!AH30, "") | AI30: =IF('Hakediş Takip'!C30<>"", 'Hakediş Takip'!AI30, "") | AJ30: =IF('Hakediş Takip'!C30<>"", 'Hakediş Takip'!AJ30, "") | AK30: =IF('Hakediş Takip'!C30<>"", 'Hakediş Takip'!AK30, "") | AL30: =IF('Hakediş Takip'!C30<>"", 'Hakediş Takip'!AL30, "") | AM30: =IF('Hakediş Takip'!C30<>"", 'Hakediş Takip'!AM30, "") | AN30: =IF('Hakediş Takip'!C30<>"", 'Hakediş Takip'!AN30, "") | AO30: =IF('Hakediş Takip'!C30<>"", 'Hakediş Takip'!AO30, "") | AP30: =IF('Hakediş Takip'!C30<>"", 'Hakediş Takip'!AP30, "") | AQ30: =IF('Hakediş Takip'!C30<>"", 'Hakediş Takip'!AQ30, "") | AR30: =IF('Hakediş Takip'!C30<>"", 'Hakediş Takip'!AR30, "") | AS30: =IF('Hakediş Takip'!C30<>"", 'Hakediş Takip'!AS30, "") | AT30: =IF('Hakediş Takip'!C30<>"", 'Hakediş Takip'!AT30, "") | AU30: =IF('Hakediş Takip'!C30<>"", 'Hakediş Takip'!AU30, "") | AV30: =IF('Hakediş Takip'!C30<>"", 'Hakediş Takip'!AV30, "") | AW30: =IF('Hakediş Takip'!C30<>"", 'Hakediş Takip'!AW30, "") | AX30: =IF('Hakediş Takip'!C30<>"", 'Hakediş Takip'!AX30, "") | AY30: =IF('Hakediş Takip'!C30<>"", 'Hakediş Takip'!AY30, "") | AZ30: =IF('Hakediş Takip'!C30<>"", 'Hakediş Takip'!AZ30, "") | BA30: =IF('Hakediş Takip'!C30<>"", 'Hakediş Takip'!BA30, "") | BB30: =IF('Hakediş Takip'!C30<>"", 'Hakediş Takip'!BB30, "") | BC30: =IF('Hakediş Takip'!C30<>"", 'Hakediş Takip'!BC30, "") | BD30: =IF('Hakediş Takip'!C30<>"", 'Hakediş Takip'!BD30, "") | BE30: =IF('Hakediş Takip'!C30<>"", 'Hakediş Takip'!BE30, "") | BF30: =IF('Hakediş Takip'!C30<>"", 'Hakediş Takip'!BF30, "") | BG30: =IF('Hakediş Takip'!C30<>"", 'Hakediş Takip'!BG30, "") | BH30: =IF('Hakediş Takip'!C30<>"", 'Hakediş Takip'!BH30, "") | BI30: =IF('Hakediş Takip'!C30<>"", 'Hakediş Takip'!BI30, "") | BJ30: =IF('Hakediş Takip'!C30<>"", 'Hakediş Takip'!BJ30, "") | BK30: =IF('Hakediş Takip'!C30<>"", 'Hakediş Takip'!BK30, "") | BL30: =IF('Hakediş Takip'!C30<>"", 'Hakediş Takip'!BL30, "") | BM30: =IF('Hakediş Takip'!C30<>"", 'Hakediş Takip'!BM30, "") | BN30: =IF('Hakediş Takip'!C30<>"", 'Hakediş Takip'!BN30, "") | BO30: =IF('Hakediş Takip'!C30<>"", 'Hakediş Takip'!BO30, "") | BP30: =IF('Hakediş Takip'!C30<>"", 'Hakediş Takip'!BP30, "")

Sheet Birim Fiyat Master
A1: BİRİM FİYAT MASTER VE DÖNEMSEL REVİZYON MATRİSİ
A5: İş Kalemi | B5: Poz No | C5: Birim | D5: Sözleşme Fiyatı (TL) | E5: Sözleşme Başlangıç No | F5: Revize 1 Fiyatı (TL) | G5: Revize 1 Başlangıç No | H5: Revize 2 Fiyatı (TL) | I5: Revize 2 Başlangıç No | J5: Revize 3 Fiyatı (TL) | K5: Revize 3 Başlangıç No | L5: Revize 4 Fiyatı (TL) | M5: Revize 4 Başlangıç No
