Workbook

Sheet Hakediş İcmali (Kapak)
A1: FİRMA HAKEDİŞ RAPORU
A2: Sözleşme, dönem imalatı, saha tutanakları ve kesintiler
A4: SÖZLEŞME BEDELİ | D4: BU DÖNEM İMALAT | G4: KESİNTİLER TOPLAMI | J4: ÖDENECEK GENEL TOPLAM
A5: =IF(ISNUMBER(E22),E22,IF(ISNUMBER('Sözleşme Metrajı'!H26),'Sözleşme Metrajı'!H26,"")) | D5: =IF(ISNUMBER(J30),J30,"") | G5: =IF(ISNUMBER(J34),J34,"") | J5: =IF(ISNUMBER(J38),J38,"")
A9: Proje adı
A10: İşveren firma
A11: Yüklenici / Taşeron
A12: Sözleşme no | H12: Hakediş no
A13: Hakediş tarihi
A14: Dönem başlangıcı | H14: Dönem bitişi
A15: Sözleşme başlangıcı | H15: Sözleşme bitişi
A16: Vergi dairesi / no
A17: Adres / Şantiye
A18: Sözleşme türü
A20: HESAP PARAMETRELERİ
A21: KDV oranı | E21: 0.2 | G21: Teminat oranı | L21: 0.05
A22: Sözleşme bedeli (varsa) | G22: Avans mahsubu
A23: KDV matrahı (isteğe bağlı) | G23: Teminat matrahı (isteğe bağlı)
A24: Stopaj oranı (varsa) | G24: KDV tevkifatı (varsa)
A25: Stopaj matrahı (isteğe bağlı) | G25: Fiyat farkı (varsa)
A28: HAKEDİŞ HESAP CETVELİ
A30: 1. Sözleşme İmalatları | J30: =IF(ISNUMBER('Hakediş Cetveli'!J26),'Hakediş Cetveli'!J26,"")
A31: 2. Saha Tutanakları | J31: =IF(ISNUMBER('Saha Tutanakları'!G16),'Saha Tutanakları'!G16,"") -> 0
A32: 3. Brüt Hakediş | J32: =IF(COUNT(J30:J31)=2,SUM(J30:J31),"")
A34: 4. Kesintiler Toplamı | J34: =IF(ISNUMBER('Kesintiler ve Cezalar'!D13),'Kesintiler ve Cezalar'!D13,"")
A35: 5. Net Hakediş (KDV Hariç) | J35: =IF(COUNT(J32,J34)=2,J32-J34,"")
A36: 6. KDV | J36: =IF(AND(ISNUMBER(E21),ISNUMBER(IF(ISNUMBER(E23),E23,J32))),ROUND(IF(ISNUMBER(E23),E23,J32)*E21,2),"")
A38: 7. ÖDENECEK GENEL TOPLAM | J38: =IF(COUNT(J35:J36)=2,SUM(J35:J36),"")
A40: KONTROL VE ONAY
A41: Taslak: firma, dönem ve sözleşme bilgileri ile metraj onayı tamamlanmalıdır. KDV ve kesinti matrahları hesap parametrelerinden ayarlanır.
A44: Hazırlayan (Taşeron) | E44: Kontrol Eden (Şantiye Şefi) | I44: Onaylayan (İşveren)
A45: Ad Soyad / İmza / Kaşe / Tarih | E45: Ad Soyad / İmza / Kaşe / Tarih | I45: Ad Soyad / İmza / Kaşe / Tarih

Sheet Sözleşme Metrajı
A1: Sözleşme Metrajı
A4: Poz No | B4: Blok | C4: Cephe Kodu | D4: İş Kalemi Açıklaması | E4: Birim | F4: Sözleşme Birim Fiyatı | G4: Sözleşme Miktarı | H4: Toplam Sözleşme Tutarı
H5: =IF(D5="","",IF(COUNT(F5:G5)=2,ROUND(PRODUCT(F5:G5),2),""))
H6: =IF(D6="","",IF(COUNT(F6:G6)=2,ROUND(PRODUCT(F6:G6),2),""))
H7: =IF(D7="","",IF(COUNT(F7:G7)=2,ROUND(PRODUCT(F7:G7),2),""))
H8: =IF(D8="","",IF(COUNT(F8:G8)=2,ROUND(PRODUCT(F8:G8),2),""))
H9: =IF(D9="","",IF(COUNT(F9:G9)=2,ROUND(PRODUCT(F9:G9),2),""))
H10: =IF(D10="","",IF(COUNT(F10:G10)=2,ROUND(PRODUCT(F10:G10),2),""))
H11: =IF(D11="","",IF(COUNT(F11:G11)=2,ROUND(PRODUCT(F11:G11),2),""))
H12: =IF(D12="","",IF(COUNT(F12:G12)=2,ROUND(PRODUCT(F12:G12),2),""))
H13: =IF(D13="","",IF(COUNT(F13:G13)=2,ROUND(PRODUCT(F13:G13),2),""))
H14: =IF(D14="","",IF(COUNT(F14:G14)=2,ROUND(PRODUCT(F14:G14),2),""))
H15: =IF(D15="","",IF(COUNT(F15:G15)=2,ROUND(PRODUCT(F15:G15),2),""))
H16: =IF(D16="","",IF(COUNT(F16:G16)=2,ROUND(PRODUCT(F16:G16),2),""))
... H24: =IF(D24="","",IF(COUNT(F24:G24)=2,ROUND(PRODUCT(F24:G24),2),""))
A26: TOPLAM SÖZLEŞME TUTARI | H26: =IF(COUNTIF('Sözleşme Metrajı'!D5:D24,"<>")=0,"",IF(COUNT('Sözleşme Metrajı'!H5:H24)=COUNTIF('Sözleşme Metrajı'!D5:D24,"<>"),SUM('Sözleşme Metrajı'!H5:H24),""))

Sheet Hakediş Cetveli
A1: Hakediş Cetveli
A4: Poz No | B4: Blok | C4: Cephe | D4: İş Kalemi Açıklaması | E4: Birim | F4: Birim Fiyat | G4: Önceki Miktar | H4: Bu Dönem Miktar | I4: Toplam Yapılan Miktar | J4: Bu Dönem Tutarı | K4: Tamamlanma Oranı
A5: =IF('Sözleşme Metrajı'!A5="","",'Sözleşme Metrajı'!A5) | B5: =IF('Sözleşme Metrajı'!B5="","",'Sözleşme Metrajı'!B5) | C5: =IF('Sözleşme Metrajı'!C5="","",'Sözleşme Metrajı'!C5) | D5: =IF('Sözleşme Metrajı'!D5="","",'Sözleşme Metrajı'!D5) | E5: =IF('Sözleşme Metrajı'!E5="","",'Sözleşme Metrajı'!E5) | F5: =IF(AND(D5<>"",ISNUMBER('Sözleşme Metrajı'!F5)),'Sözleşme Metrajı'!F5,"") | I5: =IF(D5="","",IF(COUNT(G5:H5)=2,SUM(G5:H5),"")) | J5: =IF(D5="","",IF(H5="","",IF(H5=0,0,IF(COUNT(F5,H5)=2,ROUND(F5*H5,2),"")))) | K5: =IF(AND(ISNUMBER(I5),ISNUMBER('Sözleşme Metrajı'!G5),'Sözleşme Metrajı'!G5>0),I5/'Sözleşme Metrajı'!G5,"")
A6: =IF('Sözleşme Metrajı'!A6="","",'Sözleşme Metrajı'!A6) | B6: =IF('Sözleşme Metrajı'!B6="","",'Sözleşme Metrajı'!B6) | C6: =IF('Sözleşme Metrajı'!C6="","",'Sözleşme Metrajı'!C6) | D6: =IF('Sözleşme Metrajı'!D6="","",'Sözleşme Metrajı'!D6) | E6: =IF('Sözleşme Metrajı'!E6="","",'Sözleşme Metrajı'!E6) | F6: =IF(AND(D6<>"",ISNUMBER('Sözleşme Metrajı'!F6)),'Sözleşme Metrajı'!F6,"") | I6: =IF(D6="","",IF(COUNT(G6:H6)=2,SUM(G6:H6),"")) | J6: =IF(D6="","",IF(H6="","",IF(H6=0,0,IF(COUNT(F6,H6)=2,ROUND(F6*H6,2),"")))) | K6: =IF(AND(ISNUMBER(I6),ISNUMBER('Sözleşme Metrajı'!G6),'Sözleşme Metrajı'!G6>0),I6/'Sözleşme Metrajı'!G6,"")
A7: =IF('Sözleşme Metrajı'!A7="","",'Sözleşme Metrajı'!A7) | B7: =IF('Sözleşme Metrajı'!B7="","",'Sözleşme Metrajı'!B7) | C7: =IF('Sözleşme Metrajı'!C7="","",'Sözleşme Metrajı'!C7) | D7: =IF('Sözleşme Metrajı'!D7="","",'Sözleşme Metrajı'!D7) | E7: =IF('Sözleşme Metrajı'!E7="","",'Sözleşme Metrajı'!E7) | F7: =IF(AND(D7<>"",ISNUMBER('Sözleşme Metrajı'!F7)),'Sözleşme Metrajı'!F7,"") | I7: =IF(D7="","",IF(COUNT(G7:H7)=2,SUM(G7:H7),"")) | J7: =IF(D7="","",IF(H7="","",IF(H7=0,0,IF(COUNT(F7,H7)=2,ROUND(F7*H7,2),"")))) | K7: =IF(AND(ISNUMBER(I7),ISNUMBER('Sözleşme Metrajı'!G7),'Sözleşme Metrajı'!G7>0),I7/'Sözleşme Metrajı'!G7,"")
A8: =IF('Sözleşme Metrajı'!A8="","",'Sözleşme Metrajı'!A8) | B8: =IF('Sözleşme Metrajı'!B8="","",'Sözleşme Metrajı'!B8) | C8: =IF('Sözleşme Metrajı'!C8="","",'Sözleşme Metrajı'!C8) | D8: =IF('Sözleşme Metrajı'!D8="","",'Sözleşme Metrajı'!D8) | E8: =IF('Sözleşme Metrajı'!E8="","",'Sözleşme Metrajı'!E8) | F8: =IF(AND(D8<>"",ISNUMBER('Sözleşme Metrajı'!F8)),'Sözleşme Metrajı'!F8,"") | I8: =IF(D8="","",IF(COUNT(G8:H8)=2,SUM(G8:H8),"")) | J8: =IF(D8="","",IF(H8="","",IF(H8=0,0,IF(COUNT(F8,H8)=2,ROUND(F8*H8,2),"")))) | K8: =IF(AND(ISNUMBER(I8),ISNUMBER('Sözleşme Metrajı'!G8),'Sözleşme Metrajı'!G8>0),I8/'Sözleşme Metrajı'!G8,"")
A9: =IF('Sözleşme Metrajı'!A9="","",'Sözleşme Metrajı'!A9) | B9: =IF('Sözleşme Metrajı'!B9="","",'Sözleşme Metrajı'!B9) | C9: =IF('Sözleşme Metrajı'!C9="","",'Sözleşme Metrajı'!C9) | D9: =IF('Sözleşme Metrajı'!D9="","",'Sözleşme Metrajı'!D9) | E9: =IF('Sözleşme Metrajı'!E9="","",'Sözleşme Metrajı'!E9) | F9: =IF(AND(D9<>"",ISNUMBER('Sözleşme Metrajı'!F9)),'Sözleşme Metrajı'!F9,"") | I9: =IF(D9="","",IF(COUNT(G9:H9)=2,SUM(G9:H9),"")) | J9: =IF(D9="","",IF(H9="","",IF(H9=0,0,IF(COUNT(F9,H9)=2,ROUND(F9*H9,2),"")))) | K9: =IF(AND(ISNUMBER(I9),ISNUMBER('Sözleşme Metrajı'!G9),'Sözleşme Metrajı'!G9>0),I9/'Sözleşme Metrajı'!G9,"")
A10: =IF('Sözleşme Metrajı'!A10="","",'Sözleşme Metrajı'!A10) | B10: =IF('Sözleşme Metrajı'!B10="","",'Sözleşme Metrajı'!B10) | C10: =IF('Sözleşme Metrajı'!C10="","",'Sözleşme Metrajı'!C10) | D10: =IF('Sözleşme Metrajı'!D10="","",'Sözleşme Metrajı'!D10) | E10: =IF('Sözleşme Metrajı'!E10="","",'Sözleşme Metrajı'!E10) | F10: =IF(AND(D10<>"",ISNUMBER('Sözleşme Metrajı'!F10)),'Sözleşme Metrajı'!F10,"") | I10: =IF(D10="","",IF(COUNT(G10:H10)=2,SUM(G10:H10),"")) | J10: =IF(D10="","",IF(H10="","",IF(H10=0,0,IF(COUNT(F10,H10)=2,ROUND(F10*H10,2),"")))) | K10: =IF(AND(ISNUMBER(I10),ISNUMBER('Sözleşme Metrajı'!G10),'Sözleşme Metrajı'!G10>0),I10/'Sözleşme Metrajı'!G10,"")
A11: =IF('Sözleşme Metrajı'!A11="","",'Sözleşme Metrajı'!A11) | B11: =IF('Sözleşme Metrajı'!B11="","",'Sözleşme Metrajı'!B11) | C11: =IF('Sözleşme Metrajı'!C11="","",'Sözleşme Metrajı'!C11) | D11: =IF('Sözleşme Metrajı'!D11="","",'Sözleşme Metrajı'!D11) | E11: =IF('Sözleşme Metrajı'!E11="","",'Sözleşme Metrajı'!E11) | F11: =IF(AND(D11<>"",ISNUMBER('Sözleşme Metrajı'!F11)),'Sözleşme Metrajı'!F11,"") | I11: =IF(D11="","",IF(COUNT(G11:H11)=2,SUM(G11:H11),"")) | J11: =IF(D11="","",IF(H11="","",IF(H11=0,0,IF(COUNT(F11,H11)=2,ROUND(F11*H11,2),"")))) | K11: =IF(AND(ISNUMBER(I11),ISNUMBER('Sözleşme Metrajı'!G11),'Sözleşme Metrajı'!G11>0),I11/'Sözleşme Metrajı'!G11,"")
A12: =IF('Sözleşme Metrajı'!A12="","",'Sözleşme Metrajı'!A12) | B12: =IF('Sözleşme Metrajı'!B12="","",'Sözleşme Metrajı'!B12) | C12: =IF('Sözleşme Metrajı'!C12="","",'Sözleşme Metrajı'!C12) | D12: =IF('Sözleşme Metrajı'!D12="","",'Sözleşme Metrajı'!D12) | E12: =IF('Sözleşme Metrajı'!E12="","",'Sözleşme Metrajı'!E12) | F12: =IF(AND(D12<>"",ISNUMBER('Sözleşme Metrajı'!F12)),'Sözleşme Metrajı'!F12,"") | I12: =IF(D12="","",IF(COUNT(G12:H12)=2,SUM(G12:H12),"")) | J12: =IF(D12="","",IF(H12="","",IF(H12=0,0,IF(COUNT(F12,H12)=2,ROUND(F12*H12,2),"")))) | K12: =IF(AND(ISNUMBER(I12),ISNUMBER('Sözleşme Metrajı'!G12),'Sözleşme Metrajı'!G12>0),I12/'Sözleşme Metrajı'!G12,"")
A13: =IF('Sözleşme Metrajı'!A13="","",'Sözleşme Metrajı'!A13) | B13: =IF('Sözleşme Metrajı'!B13="","",'Sözleşme Metrajı'!B13) | C13: =IF('Sözleşme Metrajı'!C13="","",'Sözleşme Metrajı'!C13) | D13: =IF('Sözleşme Metrajı'!D13="","",'Sözleşme Metrajı'!D13) | E13: =IF('Sözleşme Metrajı'!E13="","",'Sözleşme Metrajı'!E13) | F13: =IF(AND(D13<>"",ISNUMBER('Sözleşme Metrajı'!F13)),'Sözleşme Metrajı'!F13,"") | I13: =IF(D13="","",IF(COUNT(G13:H13)=2,SUM(G13:H13),"")) | J13: =IF(D13="","",IF(H13="","",IF(H13=0,0,IF(COUNT(F13,H13)=2,ROUND(F13*H13,2),"")))) | K13: =IF(AND(ISNUMBER(I13),ISNUMBER('Sözleşme Metrajı'!G13),'Sözleşme Metrajı'!G13>0),I13/'Sözleşme Metrajı'!G13,"")
A14: =IF('Sözleşme Metrajı'!A14="","",'Sözleşme Metrajı'!A14) | B14: =IF('Sözleşme Metrajı'!B14="","",'Sözleşme Metrajı'!B14) | C14: =IF('Sözleşme Metrajı'!C14="","",'Sözleşme Metrajı'!C14) | D14: =IF('Sözleşme Metrajı'!D14="","",'Sözleşme Metrajı'!D14) | E14: =IF('Sözleşme Metrajı'!E14="","",'Sözleşme Metrajı'!E14) | F14: =IF(AND(D14<>"",ISNUMBER('Sözleşme Metrajı'!F14)),'Sözleşme Metrajı'!F14,"") | I14: =IF(D14="","",IF(COUNT(G14:H14)=2,SUM(G14:H14),"")) | J14: =IF(D14="","",IF(H14="","",IF(H14=0,0,IF(COUNT(F14,H14)=2,ROUND(F14*H14,2),"")))) | K14: =IF(AND(ISNUMBER(I14),ISNUMBER('Sözleşme Metrajı'!G14),'Sözleşme Metrajı'!G14>0),I14/'Sözleşme Metrajı'!G14,"")
A15: =IF('Sözleşme Metrajı'!A15="","",'Sözleşme Metrajı'!A15) | B15: =IF('Sözleşme Metrajı'!B15="","",'Sözleşme Metrajı'!B15) | C15: =IF('Sözleşme Metrajı'!C15="","",'Sözleşme Metrajı'!C15) | D15: =IF('Sözleşme Metrajı'!D15="","",'Sözleşme Metrajı'!D15) | E15: =IF('Sözleşme Metrajı'!E15="","",'Sözleşme Metrajı'!E15) | F15: =IF(AND(D15<>"",ISNUMBER('Sözleşme Metrajı'!F15)),'Sözleşme Metrajı'!F15,"") | I15: =IF(D15="","",IF(COUNT(G15:H15)=2,SUM(G15:H15),"")) | J15: =IF(D15="","",IF(H15="","",IF(H15=0,0,IF(COUNT(F15,H15)=2,ROUND(F15*H15,2),"")))) | K15: =IF(AND(ISNUMBER(I15),ISNUMBER('Sözleşme Metrajı'!G15),'Sözleşme Metrajı'!G15>0),I15/'Sözleşme Metrajı'!G15,"")
A16: =IF('Sözleşme Metrajı'!A16="","",'Sözleşme Metrajı'!A16) | B16: =IF('Sözleşme Metrajı'!B16="","",'Sözleşme Metrajı'!B16) | C16: =IF('Sözleşme Metrajı'!C16="","",'Sözleşme Metrajı'!C16) | D16: =IF('Sözleşme Metrajı'!D16="","",'Sözleşme Metrajı'!D16) | E16: =IF('Sözleşme Metrajı'!E16="","",'Sözleşme Metrajı'!E16) | F16: =IF(AND(D16<>"",ISNUMBER('Sözleşme Metrajı'!F16)),'Sözleşme Metrajı'!F16,"") | I16: =IF(D16="","",IF(COUNT(G16:H16)=2,SUM(G16:H16),"")) | J16: =IF(D16="","",IF(H16="","",IF(H16=0,0,IF(COUNT(F16,H16)=2,ROUND(F16*H16,2),"")))) | K16: =IF(AND(ISNUMBER(I16),ISNUMBER('Sözleşme Metrajı'!G16),'Sözleşme Metrajı'!G16>0),I16/'Sözleşme Metrajı'!G16,"")
... A24: =IF('Sözleşme Metrajı'!A24="","",'Sözleşme Metrajı'!A24) | B24: =IF('Sözleşme Metrajı'!B24="","",'Sözleşme Metrajı'!B24) | C24: =IF('Sözleşme Metrajı'!C24="","",'Sözleşme Metrajı'!C24) | D24: =IF('Sözleşme Metrajı'!D24="","",'Sözleşme Metrajı'!D24) | E24: =IF('Sözleşme Metrajı'!E24="","",'Sözleşme Metrajı'!E24) | F24: =IF(AND(D24<>"",ISNUMBER('Sözleşme Metrajı'!F24)),'Sözleşme Metrajı'!F24,"") | I24: =IF(D24="","",IF(COUNT(G24:H24)=2,SUM(G24:H24),"")) | J24: =IF(D24="","",IF(H24="","",IF(H24=0,0,IF(COUNT(F24,H24)=2,ROUND(F24*H24,2),"")))) | K24: =IF(AND(ISNUMBER(I24),ISNUMBER('Sözleşme Metrajı'!G24),'Sözleşme Metrajı'!G24>0),I24/'Sözleşme Metrajı'!G24,"")
A26: BU DÖNEM İMALAT TOPLAMI | J26: =IF(COUNTIF('Sözleşme Metrajı'!D5:D24,"<>")=0,"",IF(COUNT('Hakediş Cetveli'!J5:J24)=COUNTIF('Sözleşme Metrajı'!D5:D24,"<>"),SUM('Hakediş Cetveli'!J5:J24),""))
A29: KAYNAK KONTROL NOTLARI
A30: Önceki hakediş zinciri eksik; önceki ve kümülatif tutarlar boş bırakıldı.
A31: İş kalemi bulunmuyor.
A32: KDV tevkifat oranı (% veya 4/10 gibi): eksik veya geçersiz; uygulanmıyorsa 0 girin.
A33: Stopaj oranı (%): eksik veya geçersiz; uygulanmıyorsa 0 girin.
A34: Avans mahsubu (TL): eksik veya geçersiz; yoksa 0 girin.
A35: Bu dönem fiyat farkı (TL): eksik veya geçersiz; yoksa 0 girin.
A36: İşin adı: eksik.
A37: İşveren firma / unvan: eksik.
A38: Yüklenici firma / unvan: eksik.
A39: Hakediş tarihi: eksik.
A40: Dönem başlangıcı: eksik.
A41: Dönem bitişi: eksik.

Sheet Saha Tutanakları
A1: Saha Tutanakları
A4: Tutanak No | B4: Tarih | C4: İş Açıklaması / Ekstra İş | D4: Miktar | E4: Birim | F4: Birim Fiyat | G4: Toplam Tutar
A5: =IF(AND(ISNUMBER('Hakediş İcmali (Kapak)'!L25),'Hakediş İcmali (Kapak)'!L25<>0),"FİYAT-FARKI","") | B5: =IF(AND(ISNUMBER('Hakediş İcmali (Kapak)'!L25),'Hakediş İcmali (Kapak)'!L25<>0),IF('Hakediş İcmali (Kapak)'!C13="","",'Hakediş İcmali (Kapak)'!C13),"") | C5: =IF(AND(ISNUMBER('Hakediş İcmali (Kapak)'!L25),'Hakediş İcmali (Kapak)'!L25<>0),"Onaylı fiyat farkı","") | D5: =IF(AND(ISNUMBER('Hakediş İcmali (Kapak)'!L25),'Hakediş İcmali (Kapak)'!L25<>0),1,"") | E5: =IF(AND(ISNUMBER('Hakediş İcmali (Kapak)'!L25),'Hakediş İcmali (Kapak)'!L25<>0),"adet","") | F5: =IF(AND(ISNUMBER('Hakediş İcmali (Kapak)'!L25),'Hakediş İcmali (Kapak)'!L25<>0),'Hakediş İcmali (Kapak)'!L25,"") | G5: =IF(C5="","",IF(COUNT(D5,F5)=2,ROUND(D5*F5,2),""))
G6: =IF(C6="","",IF(COUNT(D6,F6)=2,ROUND(D6*F6,2),""))
G7: =IF(C7="","",IF(COUNT(D7,F7)=2,ROUND(D7*F7,2),""))
G8: =IF(C8="","",IF(COUNT(D8,F8)=2,ROUND(D8*F8,2),""))
G9: =IF(C9="","",IF(COUNT(D9,F9)=2,ROUND(D9*F9,2),""))
G10: =IF(C10="","",IF(COUNT(D10,F10)=2,ROUND(D10*F10,2),""))
G11: =IF(C11="","",IF(COUNT(D11,F11)=2,ROUND(D11*F11,2),""))
G12: =IF(C12="","",IF(COUNT(D12,F12)=2,ROUND(D12*F12,2),""))
G13: =IF(C13="","",IF(COUNT(D13,F13)=2,ROUND(D13*F13,2),""))
G14: =IF(C14="","",IF(COUNT(D14,F14)=2,ROUND(D14*F14,2),""))
A16: SAHA TUTANAKLARI TOPLAMI | G16: =IF(COUNT(G5:G14)=COUNTIF(C5:C14,"<>"),SUM(G5:G14),"") -> 0

Sheet Kesintiler ve Cezalar
A1: Kesintiler ve Cezalar
A4: Tarih | B4: Kesinti Türü | C4: Oran / Açıklama | D4: Kesinti Tutarı
B5: Nakit Teminat | C5: =IF(ISNUMBER('Hakediş İcmali (Kapak)'!L21),'Hakediş İcmali (Kapak)'!L21,"") -> 0.05 | D5: =IF(AND(ISNUMBER('Hakediş İcmali (Kapak)'!L21),ISNUMBER(IF(ISNUMBER('Hakediş İcmali (Kapak)'!L23),'Hakediş İcmali (Kapak)'!L23,'Hakediş İcmali (Kapak)'!J32))),ROUND(IF(ISNUMBER('Hakediş İcmali (Kapak)'!L23),'Hakediş İcmali (Kapak)'!L23,'Hakediş İcmali (Kapak)'!J32)*'Hakediş İcmali (Kapak)'!L21,2),"")
B6: Avans Mahsubu | C6: Uygulanmıyorsa kapakta 0 girin. | D6: =IF(ISNUMBER('Hakediş İcmali (Kapak)'!L22),'Hakediş İcmali (Kapak)'!L22,"")
B7: Stopaj | C7: =IF(ISNUMBER('Hakediş İcmali (Kapak)'!E24),'Hakediş İcmali (Kapak)'!E24,"") | D7: =IF('Hakediş İcmali (Kapak)'!E24="",0,IF(AND(ISNUMBER('Hakediş İcmali (Kapak)'!E24),ISNUMBER('Hakediş İcmali (Kapak)'!J32)),ROUND(IF(ISNUMBER('Hakediş İcmali (Kapak)'!E25),'Hakediş İcmali (Kapak)'!E25,'Hakediş İcmali (Kapak)'!J32)*'Hakediş İcmali (Kapak)'!E24,2),"")) -> 0
B8: KDV Tevkifatı | C8: =IF(ISNUMBER('Hakediş İcmali (Kapak)'!L24),'Hakediş İcmali (Kapak)'!L24,"") | D8: =IF('Hakediş İcmali (Kapak)'!L24="",0,IF(AND(ISNUMBER('Hakediş İcmali (Kapak)'!L24),ISNUMBER('Hakediş İcmali (Kapak)'!J36)),ROUND('Hakediş İcmali (Kapak)'!J36*'Hakediş İcmali (Kapak)'!L24,2),"")) -> 0
B9: İSG Uyarı Cezası | C9: Varsa tutarı girin; uygulanmıyorsa 0 girin.
B10: Yemek/Konaklama | C10: Varsa tutarı girin; uygulanmıyorsa 0 girin.
B11: Şantiye Gider Katılımı | C11: Varsa tutarı girin; uygulanmıyorsa 0 girin.
A13: KESİNTİLER TOPLAMI | D13: =IF(COUNT(D5:D11)=COUNTIF(B5:B11,"<>"),SUM(D5:D11),"")
